frame_ms,scripts_physics_ms,scripts_process_ms,guard_ai_ms,guard_presentation_ms,render_cpu_ms,render_gpu_ms,other_ms,physics_ticks,process_max1s_ms,physics_max1s_ms,navigation_max1s_ms,draw_calls,objects,primitives,static_mem_mb,video_mem_mb,object_count,node_count,orphan_nodes,physics_active,collision_pairs,nav_agents,guards_moving
121.4510,1.2240,0.3940,0.4560,0.0530,108.6970,109.7830,11.1360,8.0000,117.7940,0.9400,0.1790,260.0000,610.0000,81368.0000,68.9516,31.4302,3033.0000,936.0000,0.0000,4.0000,7.0000,3.0000,3.0000
115.4100,1.0030,0.3950,0.4170,0.0780,90.5460,90.2910,23.4660,7.0000,121.5090,0.9620,0.2960,260.0000,610.0000,81368.0000,68.9504,31.4302,3033.0000,936.0000,0.0000,4.0000,7.0000,3.0000,3.0000
123.4520,1.2690,0.4060,0.4730,0.1300,95.7620,95.5580,26.0150,8.0000,121.5090,0.9620,0.2960,260.0000,610.0000,81368.0000,68.9826,31.4302,3036.0000,936.0000,0.0000,4.0000,7.0000,3.0000,3.0000
113.4390,1.1510,0.3740,0.4160,0.0570,101.1640,102.6660,10.7500,7.0000,121.5090,0.9620,0.2960,257.0000,607.0000,81360.0000,68.9823,31.4302,3036.0000,936.0000,0.0000,4.0000,5.0000,3.0000,3.0000
127.9570,1.1460,0.3150,0.4180,0.0520,114.4150,115.5810,12.0810,7.0000,121.5090,0.9620,0.2960,254.0000,604.0000,81324.0000,68.9500,31.4302,3033.0000,936.0000,0.0000,4.0000,5.0000,3.0000,3.0000
112.1940,0.9640,0.3350,0.3810,0.0560,109.3470,110.4580,1.5480,7.0000,121.5090,0.9620,0.2960,254.0000,604.0000,81324.0000,68.9489,31.4302,3033.0000,936.0000,0.0000,4.0000,5.0000,3.0000,3.0000
116.2620,1.2300,0.5840,0.3910,0.1980,106.6180,107.6890,7.8300,7.0000,121.5090,0.9620,0.2960,259.0000,609.0000,81384.0000,68.9980,31.4302,3037.0000,936.0000,0.0000,4.0000,5.0000,3.0000,3.0000
118.4490,1.0770,0.3710,0.3920,0.0580,114.1360,115.0430,2.8650,7.0000,121.5090,0.9620,0.2960,262.0000,612.0000,81420.0000,68.9998,31.4302,3037.0000,936.0000,0.0000,4.0000,5.0000,3.0000,3.0000
121.9120,1.9740,0.3340,0.7270,0.0560,105.2320,105.0670,14.3720,8.0000,121.5090,0.9620,0.2960,262.0000,612.0000,81420.0000,68.9664,31.4302,3035.0000,936.0000,0.0000,4.0000,6.0000,3.0000,3.0000
113.2120,1.0240,0.9150,0.3800,0.3490,120.2730,120.0320,0.0000,7.0000,125.2600,0.9550,0.2500,271.0000,661.0000,81522.0000,69.5173,32.0555,3049.0000,936.0000,0.0000,4.0000,6.0000,3.0000,3.0000
103.7680,0.9850,0.5280,0.3180,0.3100,104.9510,104.7530,0.0000,6.0000,125.2600,0.9550,0.2500,271.0000,661.0000,81522.0000,69.5487,32.0555,3052.0000,936.0000,0.0000,4.0000,5.0000,3.0000,3.0000
99.0680,0.8300,0.2710,0.3480,0.0460,106.7170,107.7470,0.0000,6.0000,125.2600,0.9550,0.2500,269.0000,659.0000,81442.0000,69.5496,32.0555,3052.0000,936.0000,0.0000,4.0000,5.0000,3.0000,2.0000
101.2900,0.8330,0.2550,0.3050,0.0490,110.2180,110.4150,0.0000,6.0000,125.2600,0.9550,0.2500,259.0000,649.0000,70078.0000,69.5485,32.0555,3051.0000,936.0000,0.0000,4.0000,5.0000,3.0000,2.0000
109.2390,1.0880,0.3360,0.3610,0.1150,112.6150,112.4370,0.0000,6.0000,125.2600,0.9550,0.2500,297.0000,687.0000,82670.0000,69.5174,32.0555,3046.0000,936.0000,0.0000,4.0000,5.0000,3.0000,2.0000
119.6820,1.0510,0.6210,0.3840,0.3660,102.5800,103.5790,15.4300,7.0000,125.2600,0.9550,0.2500,293.0000,683.0000,82622.0000,69.5197,32.0555,3047.0000,936.0000,0.0000,4.0000,5.0000,3.0000,2.0000
109.5900,0.8780,0.2930,0.3390,0.0630,95.4270,96.4880,12.9920,6.0000,125.2600,0.9550,0.2500,288.0000,678.0000,82562.0000,69.4991,32.0555,3045.0000,936.0000,0.0000,4.0000,5.0000,3.0000,2.0000
123.1730,1.0610,0.6070,0.3800,0.3590,93.0980,92.8870,28.4070,7.0000,125.2600,0.9550,0.2500,285.0000,675.0000,71282.0000,69.5091,32.0555,3046.0000,936.0000,0.0000,4.0000,5.0000,3.0000,1.0000
109.4140,1.0530,0.2650,0.3800,0.0540,94.9610,94.8080,13.1350,7.0000,125.2600,0.9550,0.2500,283.0000,673.0000,71906.0000,69.4988,32.0555,3045.0000,936.0000,0.0000,4.0000,5.0000,3.0000,1.0000
104.1000,1.0720,0.3100,0.3560,0.0990,100.8510,102.0630,1.8670,6.0000,121.0400,0.7450,0.1830,279.0000,669.0000,71102.0000,69.5090,32.0555,3046.0000,936.0000,0.0000,4.0000,5.0000,3.0000,0.0000
102.3900,0.8820,0.3430,0.3220,0.0930,107.8180,107.5700,0.0000,7.0000,121.0400,0.7450,0.1830,263.0000,653.0000,70930.0000,69.4987,32.0555,3045.0000,936.0000,0.0000,4.0000,5.0000,3.0000,0.0000
98.9440,0.9910,0.3170,0.3880,0.0610,100.8510,102.4140,0.0000,6.0000,121.0400,0.7450,0.1830,249.0000,639.0000,70762.0000,69.4982,32.0555,3045.0000,936.0000,0.0000,4.0000,5.0000,3.0000,1.0000
109.3450,1.1330,0.3190,0.4480,0.0620,113.2640,114.5990,0.0000,7.0000,121.0400,0.7450,0.1830,243.0000,633.0000,70690.0000,69.4875,32.0555,3044.0000,936.0000,0.0000,4.0000,5.0000,3.0000,1.0000
114.4540,0.9500,0.2860,0.4100,0.0620,98.2630,100.3730,14.9550,6.0000,121.0400,0.7450,0.1830,244.0000,634.0000,70702.0000,69.4878,32.0555,3044.0000,936.0000,0.0000,4.0000,6.0000,3.0000,1.0000
96.3470,0.9640,0.2940,0.4070,0.0540,95.3620,96.5290,0.0000,7.0000,121.0400,0.7450,0.1830,242.0000,632.0000,70678.0000,69.4878,32.0555,3044.0000,936.0000,0.0000,4.0000,6.0000,3.0000,1.0000
107.6380,0.9130,0.3380,0.3190,0.1100,95.6730,95.4760,10.7140,6.0000,121.0400,0.7450,0.1830,240.0000,630.0000,70654.0000,69.4985,32.0555,3045.0000,936.0000,0.0000,4.0000,6.0000,3.0000,1.0000
99.9170,0.9360,0.3300,0.3530,0.0550,90.8960,91.9810,7.7550,6.0000,121.0400,0.7450,0.1830,236.0000,626.0000,59206.0000,69.4987,32.0555,3045.0000,936.0000,0.0000,4.0000,6.0000,3.0000,1.0000
88.5330,0.8530,0.3190,0.3380,0.0910,99.3610,100.7400,0.0000,5.0000,121.0400,0.7450,0.1830,234.0000,624.0000,48010.0000,69.4987,32.0555,3045.0000,936.0000,0.0000,4.0000,6.0000,3.0000,1.0000
79.4390,0.7570,0.2990,0.2630,0.0540,105.1420,106.4320,0.0000,5.0000,121.0400,0.7450,0.1830,234.0000,624.0000,48010.0000,69.4879,32.0555,3044.0000,936.0000,0.0000,4.0000,6.0000,3.0000,1.0000
71.0710,0.6280,0.2960,0.2150,0.0890,84.5280,84.2930,0.0000,4.0000,111.8030,0.8280,0.1830,227.0000,617.0000,36530.0000,69.4876,32.0555,3044.0000,936.0000,0.0000,4.0000,6.0000,3.0000,1.0000
80.6790,0.6970,0.3490,0.2320,0.1050,99.3920,100.6340,0.0000,5.0000,111.8030,0.8280,0.1830,222.0000,612.0000,36470.0000,69.4982,32.0555,3045.0000,936.0000,0.0000,4.0000,6.0000,3.0000,1.0000
72.1740,0.7080,0.2670,0.2660,0.0500,89.9990,91.4460,0.0000,5.0000,111.8030,0.8280,0.1830,225.0000,615.0000,36506.0000,69.4985,32.0555,3045.0000,936.0000,0.0000,4.0000,6.0000,3.0000,1.0000
73.8450,0.6970,0.2680,0.2410,0.0490,77.4220,78.7450,0.0000,4.0000,111.8030,0.8280,0.1830,223.0000,613.0000,36482.0000,69.4985,32.0555,3045.0000,936.0000,0.0000,4.0000,6.0000,3.0000,1.0000
78.6660,0.8130,0.2890,0.3210,0.0760,64.5530,65.5440,13.0110,5.0000,111.8030,0.8280,0.1830,221.0000,611.0000,36458.0000,69.4978,32.0555,3045.0000,936.0000,0.0000,4.0000,5.0000,3.0000,1.0000
72.0510,0.6170,0.2690,0.2160,0.0580,64.5940,65.4820,6.5710,4.0000,111.8030,0.8280,0.1830,221.0000,611.0000,36458.0000,69.4872,32.0555,3044.0000,936.0000,0.0000,4.0000,5.0000,3.0000,1.0000
114.6760,0.8900,0.3030,0.3020,0.1070,70.6850,71.6100,42.7980,6.0000,111.8030,0.8280,0.1830,221.0000,611.0000,36458.0000,69.5042,32.0555,3045.0000,936.0000,0.0000,4.0000,5.0000,3.0000,0.0000
73.7740,0.5650,0.3160,0.2130,0.0570,59.9000,61.1760,12.9930,5.0000,111.8030,0.8280,0.1830,219.0000,609.0000,36434.0000,69.5048,32.0555,3045.0000,936.0000,0.0000,4.0000,5.0000,3.0000,0.0000
92.7970,1.4030,0.2070,0.4400,0.0410,66.9920,67.5040,24.1950,5.0000,111.8030,0.8280,0.1830,221.0000,611.0000,36458.0000,69.5047,32.0555,3045.0000,936.0000,0.0000,4.0000,5.0000,3.0000,0.0000
90.4390,1.0380,0.4420,0.3300,0.0640,71.4500,72.3970,17.5090,6.0000,111.8030,0.8280,0.1830,223.0000,613.0000,36482.0000,69.4838,32.0555,3043.0000,936.0000,0.0000,4.0000,5.0000,3.0000,0.0000
91.1090,1.1870,0.2970,0.4360,0.0490,65.4090,66.3800,24.2160,5.0000,111.8030,0.8280,0.1830,221.0000,611.0000,35702.0000,69.4833,32.0555,3043.0000,936.0000,0.0000,4.0000,5.0000,3.0000,0.0000
97.5000,1.2140,0.2950,0.5190,0.0620,106.4260,107.6100,0.0000,6.0000,111.8030,0.8280,0.1830,216.0000,606.0000,35594.0000,69.4833,32.0555,3043.0000,936.0000,0.0000,4.0000,5.0000,3.0000,0.0000
94.5280,0.7600,0.2730,0.2590,0.0470,67.3220,68.4520,26.1730,5.0000,113.0020,1.6260,0.3250,207.0000,597.0000,35486.0000,69.4833,32.0555,3043.0000,936.0000,0.0000,4.0000,5.0000,3.0000,0.0000
94.4090,1.0790,0.2790,0.3680,0.0510,81.7240,81.9760,11.3270,6.0000,113.0020,1.6260,0.3250,206.0000,596.0000,35474.0000,69.4833,32.0555,3043.0000,936.0000,0.0000,4.0000,5.0000,3.0000,0.0000
98.2320,1.2450,0.4260,0.4370,0.0620,81.3770,82.4770,15.1840,6.0000,113.0020,1.6260,0.3250,200.0000,590.0000,35346.0000,69.4833,32.0555,3043.0000,936.0000,0.0000,4.0000,5.0000,3.0000,0.0000
78.8080,0.5670,0.5880,0.1840,0.3830,81.5080,82.7660,0.0000,5.0000,113.0020,1.6260,0.3250,198.0000,588.0000,35322.0000,69.5020,32.0555,3045.0000,936.0000,0.0000,4.0000,5.0000,3.0000,0.0000
80.0270,0.5660,0.2410,0.1930,0.0420,86.6730,87.7230,0.0000,5.0000,113.0020,1.6260,0.3250,194.0000,584.0000,35274.0000,69.5022,32.0555,3045.0000,936.0000,0.0000,4.0000,5.0000,3.0000,0.0000
104.1540,0.6560,0.2210,0.2290,0.0390,86.7750,87.7850,16.5020,6.0000,113.0020,1.6260,0.3250,187.0000,577.0000,35190.0000,69.5023,32.0555,3045.0000,936.0000,0.0000,4.0000,5.0000,3.0000,0.0000
88.0700,0.7800,0.2860,0.3410,0.0920,86.0350,85.9110,0.9690,5.0000,113.0020,1.6260,0.3250,324.0000,714.0000,38830.0000,69.5032,32.0555,3045.0000,936.0000,0.0000,4.0000,6.0000,3.0000,1.0000
98.2170,1.1800,0.3350,0.4670,0.0490,86.0930,88.3180,10.6090,6.0000,113.0020,1.6260,0.3250,320.0000,710.0000,38782.0000,69.5032,32.0555,3045.0000,936.0000,0.0000,4.0000,6.0000,3.0000,1.0000
91.4570,1.0040,0.3410,0.4280,0.0600,71.0280,72.5570,19.0840,5.0000,113.0020,1.6260,0.3250,318.0000,708.0000,38758.0000,69.5032,32.0555,3045.0000,936.0000,0.0000,4.0000,6.0000,3.0000,1.0000
82.7950,0.6950,0.2930,0.2780,0.0570,70.0160,69.9260,11.7910,6.0000,113.0020,1.6260,0.3250,314.0000,704.0000,38710.0000,69.5032,32.0555,3045.0000,936.0000,0.0000,4.0000,6.0000,3.0000,1.0000
85.1740,0.8440,0.2460,0.3480,0.0460,91.7620,93.3240,0.0000,5.0000,113.0020,1.6260,0.3250,311.0000,701.0000,38674.0000,69.5035,32.0555,3046.0000,936.0000,0.0000,4.0000,6.0000,3.0000,1.0000
93.9760,1.2030,0.6880,0.4020,0.4190,78.6870,79.6160,13.3980,6.0000,102.6650,1.3240,0.2170,312.0000,702.0000,38512.0000,69.5333,32.0558,3051.0000,936.0000,0.0000,4.0000,6.0000,3.0000,2.0000
112.8110,0.9990,0.2880,0.3580,0.0590,83.0800,83.7810,28.4440,6.0000,102.6650,1.3240,0.2170,312.0000,702.0000,38512.0000,69.5341,32.0558,3051.0000,936.0000,0.0000,4.0000,6.0000,3.0000,2.0000
96.4780,1.0970,0.3420,0.4190,0.0610,71.2830,72.3070,23.7560,6.0000,102.6650,1.3240,0.2170,313.0000,703.0000,38524.0000,69.5236,32.0558,3050.0000,936.0000,0.0000,4.0000,6.0000,3.0000,2.0000
97.8040,0.9090,0.4140,0.3150,0.1610,69.0020,71.0400,27.4790,5.0000,102.6650,1.3240,0.2170,312.0000,702.0000,38512.0000,69.5299,32.0558,3050.0000,936.0000,0.0000,4.0000,6.0000,3.0000,2.0000
99.6560,1.0800,0.3410,0.3890,0.0910,78.1230,79.1260,20.1120,6.0000,102.6650,1.3240,0.2170,308.0000,698.0000,36936.0000,69.5278,32.0558,3047.0000,936.0000,0.0000,4.0000,6.0000,3.0000,2.0000
91.1220,1.0350,0.6130,0.3550,0.3690,78.0440,80.3350,11.4300,6.0000,102.6650,1.3240,0.2170,307.0000,697.0000,36924.0000,69.5249,32.0558,3047.0000,936.0000,0.0000,4.0000,6.0000,3.0000,2.0000
92.2920,1.3700,0.2840,0.5700,0.0520,105.2700,105.0570,0.0000,5.0000,102.6650,1.3240,0.2170,305.0000,695.0000,36900.0000,69.5141,32.0558,3046.0000,936.0000,0.0000,4.0000,6.0000,3.0000,2.0000
97.7560,1.1220,0.4070,0.4160,0.1190,87.4730,87.2230,8.7540,6.0000,102.6650,1.3240,0.2170,304.0000,694.0000,36888.0000,69.5245,32.0558,3047.0000,936.0000,0.0000,4.0000,6.0000,3.0000,2.0000
96.2080,4.2100,0.2950,3.3070,0.0560,88.1160,89.6750,3.5870,6.0000,102.6650,1.3240,0.2170,303.0000,693.0000,36876.0000,69.5039,32.0558,3045.0000,936.0000,0.0000,4.0000,6.0000,3.0000,2.0000
118.4610,1.2450,0.7690,0.4730,0.4850,92.0980,91.7890,24.3490,7.0000,102.6650,1.3240,0.2170,299.0000,689.0000,36828.0000,69.5141,32.0558,3046.0000,936.0000,0.0000,4.0000,6.0000,3.0000,2.0000
97.6680,1.6560,0.4040,0.5400,0.1280,81.7900,82.8650,13.8180,6.0000,115.3730,3.7030,0.3020,297.0000,687.0000,36792.0000,69.5180,32.0558,3046.0000,936.0000,0.0000,4.0000,6.0000,3.0000,2.0000
96.9660,1.1210,0.3960,0.3990,0.1010,81.9800,83.7290,13.4690,6.0000,115.3730,3.7030,0.3020,297.0000,687.0000,36792.0000,69.5182,32.0558,3046.0000,936.0000,0.0000,4.0000,6.0000,3.0000,2.0000
92.1480,0.9470,0.2820,0.3990,0.0490,88.6250,89.7090,2.2940,6.0000,115.3730,3.7030,0.3020,305.0000,695.0000,36888.0000,69.5076,32.0558,3045.0000,936.0000,0.0000,4.0000,6.0000,3.0000,1.0000
92.7210,1.0080,0.4700,0.3700,0.1270,84.3020,84.1020,6.9410,6.0000,115.3730,3.7030,0.3020,316.0000,706.0000,37020.0000,69.4931,32.0558,3043.0000,936.0000,0.0000,4.0000,6.0000,3.0000,1.0000
111.6660,1.0990,0.3380,0.4220,0.0590,99.8280,101.1630,10.4010,6.0000,115.3730,3.7030,0.3020,309.0000,699.0000,36880.0000,69.4928,32.0558,3043.0000,936.0000,0.0000,4.0000,6.0000,3.0000,1.0000
101.7280,0.8460,0.3160,0.3240,0.0670,75.6560,76.7990,24.9100,6.0000,115.3730,3.7030,0.3020,305.0000,695.0000,36832.0000,69.4929,32.0558,3043.0000,936.0000,0.0000,4.0000,6.0000,3.0000,1.0000
117.7270,0.8200,0.3020,0.3070,0.0500,80.2330,81.1980,36.3720,7.0000,115.3730,3.7030,0.3020,295.0000,685.0000,36700.0000,69.4822,32.0558,3042.0000,936.0000,0.0000,4.0000,6.0000,3.0000,1.0000
98.6470,0.8910,0.5420,0.3100,0.3480,78.1080,79.2020,19.1060,6.0000,115.3730,3.7030,0.3020,291.0000,681.0000,36636.0000,69.4963,32.0558,3044.0000,936.0000,0.0000,4.0000,6.0000,3.0000,1.0000
105.7030,1.0090,0.3050,0.4010,0.0550,79.5250,80.4880,24.8640,6.0000,115.3730,3.7030,0.3020,286.0000,676.0000,36468.0000,69.4966,32.0558,3044.0000,936.0000,0.0000,4.0000,6.0000,3.0000,1.0000
111.6300,1.1970,0.3250,0.4780,0.0570,100.5000,100.3640,9.6080,7.0000,115.3730,3.7030,0.3020,283.0000,673.0000,36460.0000,69.4967,32.0558,3044.0000,936.0000,0.0000,4.0000,6.0000,3.0000,1.0000
104.6260,0.9130,0.3560,0.3420,0.0630,94.3650,94.1230,8.9920,6.0000,115.9980,1.2010,0.7620,268.0000,658.0000,35524.0000,69.4860,32.0558,3043.0000,936.0000,0.0000,4.0000,6.0000,3.0000,1.0000
111.4970,1.1790,0.3840,0.4200,0.1250,100.6630,104.0920,9.2710,7.0000,115.9980,1.2010,0.7620,271.0000,661.0000,35452.0000,69.5030,32.0558,3044.0000,936.0000,0.0000,4.0000,6.0000,3.0000,1.0000
95.3950,0.9010,0.2990,0.3660,0.0550,90.3030,91.3560,3.8920,6.0000,115.9980,1.2010,0.7620,386.0000,776.0000,38284.0000,69.5036,32.0558,3044.0000,936.0000,0.0000,4.0000,6.0000,3.0000,1.0000
91.6940,0.7500,0.3060,0.2710,0.0530,95.1320,96.9440,0.0000,6.0000,115.9980,1.2010,0.7620,380.0000,770.0000,38212.0000,69.5035,32.0558,3044.0000,936.0000,0.0000,4.0000,6.0000,3.0000,1.0000
85.4580,0.6320,0.4890,0.2220,0.0730,101.6280,102.8760,0.0000,5.0000,115.9980,1.2010,0.7620,377.0000,767.0000,38204.0000,69.4824,32.0558,3042.0000,936.0000,0.0000,4.0000,6.0000,3.0000,1.0000
104.6600,0.9810,0.5520,0.3600,0.3230,94.4540,94.3250,8.6730,6.0000,115.9980,1.2010,0.7620,377.0000,767.0000,38204.0000,69.4962,32.0558,3044.0000,936.0000,0.0000,4.0000,6.0000,3.0000,1.0000
102.4990,0.9310,0.3330,0.3670,0.0570,101.0080,103.0220,0.2270,6.0000,115.9980,1.2010,0.7620,375.0000,765.0000,38180.0000,69.4966,32.0558,3044.0000,936.0000,0.0000,4.0000,6.0000,3.0000,1.0000
107.9340,1.2620,0.3070,0.4340,0.0570,86.7800,87.8960,19.5850,6.0000,115.9980,1.2010,0.7620,373.0000,763.0000,38156.0000,69.4966,32.0558,3044.0000,936.0000,0.0000,4.0000,6.0000,3.0000,1.0000
103.5830,1.1140,0.3270,0.4920,0.0600,82.1270,84.4440,20.0150,6.0000,115.9980,1.2010,0.7620,370.0000,760.0000,38120.0000,69.4861,32.0558,3043.0000,936.0000,0.0000,4.0000,6.0000,3.0000,2.0000
113.8640,1.2810,0.4460,0.4750,0.1210,77.6110,78.6460,34.5260,7.0000,115.9980,1.2010,0.7620,363.0000,753.0000,38082.0000,69.4962,32.0555,3044.0000,936.0000,0.0000,4.0000,6.0000,3.0000,2.0000
111.0820,1.0210,0.3370,0.3970,0.0630,97.0570,96.8550,12.6670,7.0000,111.5030,2.6250,1.2920,362.0000,752.0000,38070.0000,69.4966,32.0555,3044.0000,936.0000,0.0000,4.0000,6.0000,3.0000,2.0000
110.7860,0.8430,0.3460,0.3340,0.0650,92.8210,94.4340,16.7760,6.0000,111.5030,2.6250,1.2920,358.0000,748.0000,37938.0000,69.4966,32.0555,3044.0000,936.0000,0.0000,4.0000,6.0000,3.0000,1.0000
109.0380,0.9650,0.3990,0.3690,0.1470,96.8470,98.4310,10.8270,7.0000,111.5030,2.6250,1.2920,357.0000,747.0000,37926.0000,69.4965,32.0555,3044.0000,936.0000,0.0000,4.0000,6.0000,3.0000,1.0000
103.9180,1.0220,0.3990,0.3870,0.0700,92.3220,92.5240,10.1750,6.0000,111.5030,2.6250,1.2920,354.0000,744.0000,37832.0000,69.4965,32.0555,3044.0000,936.0000,0.0000,4.0000,6.0000,3.0000,1.0000
105.6840,1.0820,0.3400,0.4280,0.0620,100.3730,101.4980,3.8890,7.0000,111.5030,2.6250,1.2920,350.0000,740.0000,37726.0000,69.4858,32.0555,3043.0000,936.0000,0.0000,4.0000,6.0000,3.0000,1.0000
103.0880,0.7600,0.3280,0.2720,0.0700,97.5570,99.0340,4.4430,6.0000,111.5030,2.6250,1.2920,344.0000,734.0000,37654.0000,69.4855,32.0555,3043.0000,936.0000,0.0000,4.0000,6.0000,3.0000,1.0000
91.6060,1.0640,0.5360,0.3530,0.3190,103.8160,103.4280,0.0000,6.0000,111.5030,2.6250,1.2920,340.0000,730.0000,37606.0000,69.4998,32.0555,3045.0000,936.0000,0.0000,4.0000,6.0000,3.0000,1.0000
96.0810,1.1290,0.6270,0.3750,0.3680,100.7030,101.4700,0.0000,6.0000,111.5030,2.6250,1.2920,335.0000,725.0000,37546.0000,69.5189,32.0555,3047.0000,936.0000,0.0000,4.0000,6.0000,3.0000,1.0000
83.1910,0.8960,0.3190,0.3820,0.0580,92.3230,92.9150,0.0000,5.0000,111.5030,2.6250,1.2920,328.0000,718.0000,27238.0000,69.5197,32.0555,3048.0000,936.0000,0.0000,4.0000,6.0000,3.0000,2.0000
88.8250,0.8760,0.3490,0.3190,0.1230,96.0460,97.3030,0.0000,5.0000,111.5030,2.6250,1.2920,326.0000,716.0000,27148.0000,69.5126,32.0558,3049.0000,936.0000,0.0000,4.0000,6.0000,3.0000,2.0000
80.8220,0.9150,0.5900,0.3120,0.3500,94.9920,95.9910,0.0000,5.0000,108.9730,0.9830,0.2700,310.0000,700.0000,26976.0000,69.5229,32.0558,3050.0000,936.0000,0.0000,4.0000,6.0000,3.0000,2.0000
92.0060,1.1050,0.3650,0.3920,0.1110,82.8080,83.8980,7.7280,6.0000,108.9730,0.9830,0.2700,298.0000,688.0000,26832.0000,69.5406,32.0558,3051.0000,936.0000,0.0000,4.0000,6.0000,3.0000,2.0000
110.4530,0.8140,0.3290,0.3220,0.0580,86.0150,87.6560,23.2950,5.0000,108.9730,0.9830,0.2700,296.0000,686.0000,26808.0000,69.5313,32.0558,3050.0000,936.0000,0.0000,4.0000,7.0000,3.0000,2.0000
93.4300,0.9400,0.2950,0.3340,0.0500,74.6680,75.9640,17.5270,6.0000,108.9730,0.9830,0.2700,293.0000,683.0000,26772.0000,69.5087,32.0558,3047.0000,936.0000,0.0000,4.0000,7.0000,3.0000,2.0000
99.0000,0.9340,0.4180,0.3280,0.1250,80.5600,81.6630,17.0880,6.0000,108.9730,0.9830,0.2700,291.0000,681.0000,26748.0000,69.5056,32.0558,3044.0000,936.0000,0.0000,4.0000,7.0000,3.0000,2.0000
94.3150,0.9540,0.6040,0.3190,0.3810,73.7170,73.5290,19.0400,5.0000,108.9730,0.9830,0.2700,278.0000,668.0000,26592.0000,69.5200,32.0558,3046.0000,936.0000,0.0000,4.0000,7.0000,3.0000,2.0000
93.6160,0.8840,0.2920,0.3410,0.0630,83.8990,83.7010,8.5410,6.0000,108.9730,0.9830,0.2700,277.0000,667.0000,26580.0000,69.5208,32.0558,3047.0000,936.0000,0.0000,4.0000,7.0000,3.0000,2.0000
84.6510,0.8150,0.2610,0.3180,0.0490,95.6840,96.3110,0.0000,5.0000,108.9730,0.9830,0.2700,404.0000,794.0000,19612.0000,69.5000,32.0558,3045.0000,936.0000,0.0000,4.0000,7.0000,3.0000,2.0000
78.4950,0.9120,0.3050,0.3580,0.0930,85.3000,86.7510,0.0000,6.0000,108.9730,0.9830,0.2700,399.0000,789.0000,19552.0000,69.5100,32.0558,3046.0000,936.0000,0.0000,4.0000,7.0000,3.0000,2.0000
82.6030,0.7200,0.3090,0.2760,0.0560,92.2130,91.9260,0.0000,5.0000,108.9730,0.9830,0.2700,388.0000,778.0000,18776.0000,69.4996,32.0558,3045.0000,936.0000,0.0000,4.0000,7.0000,3.0000,2.0000
77.2750,0.7350,0.3640,0.2460,0.1590,84.3160,85.5040,0.0000,4.0000,108.9730,0.9830,0.2700,383.0000,773.0000,18716.0000,69.5090,32.0558,3046.0000,936.0000,0.0000,4.0000,6.0000,3.0000,2.0000
85.5590,0.7270,0.2530,0.2710,0.0440,83.7260,84.8430,0.8530,5.0000,108.9880,0.8680,0.1890,378.0000,768.0000,18572.0000,69.4986,32.0558,3045.0000,936.0000,0.0000,4.0000,6.0000,3.0000,2.0000
83.9310,0.7880,0.3140,0.2810,0.0980,76.8690,78.2750,5.9600,5.0000,108.9880,0.8680,0.1890,372.0000,762.0000,8552.0000,69.5092,32.0558,3046.0000,936.0000,0.0000,4.0000,6.0000,3.0000,2.0000
84.3770,0.7820,0.2730,0.2890,0.0510,70.6690,71.8440,12.6530,5.0000,108.9880,0.8680,0.1890,370.0000,760.0000,8528.0000,69.4988,32.0558,3045.0000,936.0000,0.0000,4.0000,6.0000,3.0000,2.0000
87.4120,0.7690,0.2640,0.2970,0.0460,75.3640,76.3410,11.0150,5.0000,108.9880,0.8680,0.1890,365.0000,755.0000,8326.0000,69.4986,32.0558,3045.0000,936.0000,0.0000,4.0000,6.0000,3.0000,2.0000
85.1000,0.8890,0.3650,0.3110,0.1150,69.7530,71.3260,14.0930,5.0000,108.9880,0.8680,0.1890,361.0000,751.0000,8104.0000,69.4948,32.0558,3044.0000,936.0000,0.0000,4.0000,6.0000,3.0000,2.0000
90.6850,0.8770,0.6170,0.3030,0.3620,78.6320,79.5410,10.5590,5.0000,108.9880,0.8680,0.1890,357.0000,747.0000,8056.0000,69.5091,32.0558,3046.0000,936.0000,0.0000,4.0000,6.0000,3.0000,2.0000
88.9200,1.1670,0.3060,0.4260,0.0560,75.8990,77.8030,11.5480,6.0000,108.9880,0.8680,0.1890,352.0000,742.0000,7996.0000,69.5096,32.0558,3046.0000,936.0000,0.0000,4.0000,6.0000,3.0000,2.0000
74.8770,0.7300,0.3400,0.2520,0.0850,78.2840,78.0990,0.0000,5.0000,108.9880,0.8680,0.1890,344.0000,734.0000,7844.0000,69.5096,32.0558,3046.0000,936.0000,0.0000,4.0000,6.0000,3.0000,2.0000
76.7380,0.7350,0.2160,0.2840,0.0400,78.8010,80.3680,0.0000,5.0000,108.9880,0.8680,0.1890,338.0000,728.0000,7772.0000,69.4988,32.0558,3045.0000,936.0000,0.0000,4.0000,6.0000,3.0000,2.0000
72.8880,0.8380,0.6100,0.2730,0.3980,78.0030,77.7250,0.0000,4.0000,108.9880,0.8680,0.1890,337.0000,727.0000,7760.0000,69.5331,32.0558,3049.0000,936.0000,0.0000,4.0000,6.0000,3.0000,2.0000
83.5510,0.8660,0.2650,0.3480,0.0490,81.3640,82.9640,1.0560,5.0000,108.9880,0.8680,0.1890,333.0000,723.0000,7628.0000,69.5339,32.0558,3049.0000,936.0000,0.0000,4.0000,6.0000,3.0000,2.0000
64.0380,0.6450,0.3020,0.2240,0.0830,77.1220,78.6570,0.0000,4.0000,108.9880,0.8680,0.1890,329.0000,719.0000,7580.0000,69.5341,32.0558,3049.0000,936.0000,0.0000,4.0000,6.0000,3.0000,2.0000
63.0590,0.5170,0.2510,0.1890,0.0670,68.2430,69.1470,0.0000,4.0000,88.6580,0.8110,0.2320,329.0000,719.0000,7580.0000,69.5339,32.0558,3049.0000,936.0000,0.0000,4.0000,6.0000,3.0000,2.0000
54.9200,0.4750,0.2320,0.1880,0.0430,68.8720,70.0920,0.0000,3.0000,88.6580,0.8110,0.2320,328.0000,718.0000,8324.0000,69.4921,32.0558,3045.0000,936.0000,0.0000,4.0000,6.0000,3.0000,2.0000
65.7610,0.7530,0.6630,0.2850,0.3920,64.6150,66.3310,0.0000,4.0000,88.6580,0.8110,0.2320,325.0000,715.0000,8288.0000,69.5018,32.0558,3046.0000,936.0000,0.0000,4.0000,6.0000,3.0000,2.0000
64.7580,0.8150,0.2890,0.3100,0.0950,75.7170,76.6100,0.0000,4.0000,88.6580,0.8110,0.2320,319.0000,709.0000,8216.0000,69.5126,32.0558,3047.0000,936.0000,0.0000,4.0000,6.0000,3.0000,2.0000
74.1420,0.6470,0.2480,0.2280,0.0460,56.6390,57.8360,16.6080,4.0000,88.6580,0.8110,0.2320,317.0000,707.0000,8192.0000,69.5129,32.0558,3047.0000,936.0000,0.0000,4.0000,6.0000,3.0000,2.0000
72.1010,0.6760,0.2400,0.2440,0.0440,57.7570,57.1990,13.4280,4.0000,88.6580,0.8110,0.2320,313.0000,703.0000,8036.0000,69.5023,32.0558,3046.0000,936.0000,0.0000,4.0000,6.0000,3.0000,2.0000
73.4360,0.7550,0.2220,0.2990,0.0420,47.6180,48.7510,24.8410,4.0000,88.6580,0.8110,0.2320,311.0000,701.0000,8040.0000,69.5020,32.0558,3046.0000,936.0000,0.0000,4.0000,6.0000,3.0000,2.0000
78.7160,0.8960,0.3210,0.3230,0.1010,56.5010,57.9190,20.9980,5.0000,88.6580,0.8110,0.2320,311.0000,701.0000,8040.0000,69.5021,32.0558,3046.0000,936.0000,0.0000,4.0000,6.0000,3.0000,2.0000
75.4490,0.6840,0.2570,0.2490,0.0490,56.0410,57.3740,18.4670,4.0000,88.6580,0.8110,0.2320,310.0000,700.0000,8028.0000,69.5022,32.0558,3046.0000,936.0000,0.0000,4.0000,6.0000,3.0000,2.0000
81.8790,2.7780,0.3500,0.7820,0.1090,66.3840,67.6290,12.3670,5.0000,88.6580,0.8110,0.2320,310.0000,700.0000,8028.0000,69.5090,32.0558,3046.0000,936.0000,0.0000,4.0000,6.0000,3.0000,2.0000
82.8810,0.9800,0.2510,0.3580,0.0470,65.0660,66.4150,16.5840,5.0000,88.6580,0.8110,0.2320,310.0000,700.0000,7920.0000,69.4988,32.0558,3045.0000,936.0000,0.0000,4.0000,6.0000,3.0000,2.0000
71.7050,0.9830,0.7570,0.3410,0.4330,65.6650,67.0870,4.3000,5.0000,88.6580,0.8110,0.2320,306.0000,696.0000,7900.0000,69.5101,32.0558,3046.0000,936.0000,0.0000,4.0000,7.0000,3.0000,2.0000
81.5000,1.0030,0.3260,0.3810,0.0590,69.5350,70.4270,10.6360,5.0000,88.6580,0.8110,0.2320,305.0000,695.0000,7888.0000,69.5005,32.0558,3045.0000,936.0000,0.0000,4.0000,8.0000,3.0000,2.0000
81.1280,0.6740,0.2880,0.2860,0.0630,67.2550,68.1290,12.9110,4.0000,88.6580,0.8110,0.2320,304.0000,694.0000,7876.0000,69.5013,32.0558,3045.0000,936.0000,0.0000,4.0000,7.0000,3.0000,2.0000
90.1640,1.1750,0.5720,0.3370,0.3630,69.4480,71.3190,18.9690,6.0000,82.8550,1.5240,0.4170,302.0000,692.0000,7852.0000,69.5158,32.0558,3047.0000,936.0000,0.0000,4.0000,7.0000,3.0000,2.0000
78.5190,0.8010,0.3160,0.2830,0.1080,74.4060,75.6270,2.9960,5.0000,82.8550,1.5240,0.4170,308.0000,698.0000,7924.0000,69.5226,32.0558,3047.0000,936.0000,0.0000,4.0000,7.0000,3.0000,2.0000
79.5090,1.2500,0.3260,0.5680,0.0500,64.6140,64.4570,13.3190,5.0000,82.8550,1.5240,0.4170,317.0000,707.0000,8032.0000,69.5226,32.0558,3047.0000,936.0000,0.0000,4.0000,7.0000,3.0000,3.0000
79.0060,0.7800,0.3320,0.2980,0.0850,72.4590,74.0290,5.4350,5.0000,82.8550,1.5240,0.4170,312.0000,702.0000,8018.0000,69.5118,32.0555,3046.0000,936.0000,0.0000,4.0000,7.0000,3.0000,3.0000
84.3320,0.8140,0.3060,0.2970,0.0960,72.6550,74.0150,10.5570,5.0000,82.8550,1.5240,0.4170,312.0000,702.0000,8018.0000,69.5012,32.0555,3045.0000,936.0000,0.0000,4.0000,7.0000,3.0000,3.0000
74.2380,1.0450,0.6190,0.3210,0.3900,74.7480,77.0000,0.0000,5.0000,82.8550,1.5240,0.4170,309.0000,699.0000,7982.0000,69.5323,32.0555,3048.0000,936.0000,0.0000,4.0000,7.0000,3.0000,3.0000
75.3680,0.6820,0.2570,0.2420,0.0580,69.9800,71.3920,4.4490,4.0000,82.8550,1.5240,0.4170,310.0000,700.0000,7994.0000,69.5329,32.0555,3048.0000,936.0000,0.0000,4.0000,7.0000,3.0000,3.0000
74.3190,0.6550,0.2440,0.2490,0.0480,70.8540,71.5930,2.5660,5.0000,82.8550,1.5240,0.4170,307.0000,697.0000,7958.0000,69.5331,32.0555,3048.0000,936.0000,0.0000,4.0000,7.0000,3.0000,3.0000
68.2930,0.5480,0.2900,0.1940,0.0410,70.0870,71.6420,0.0000,4.0000,82.8550,1.5240,0.4170,307.0000,697.0000,7958.0000,69.5341,32.0555,3048.0000,936.0000,0.0000,4.0000,7.0000,3.0000,2.0000
65.3560,0.6070,0.4590,0.2000,0.2930,75.3720,76.7200,0.0000,4.0000,82.8550,1.5240,0.4170,307.0000,697.0000,7958.0000,69.5165,32.0555,3047.0000,936.0000,0.0000,4.0000,7.0000,3.0000,2.0000
63.9310,0.4100,0.1880,0.1580,0.0360,64.1790,65.5470,0.0000,3.0000,82.8550,1.5240,0.4170,306.0000,696.0000,7946.0000,69.5178,32.0555,3047.0000,936.0000,0.0000,4.0000,7.0000,3.0000,2.0000
66.8600,0.6120,0.2590,0.2550,0.0880,67.7070,68.9960,0.0000,4.0000,82.8550,1.5240,0.4170,309.0000,699.0000,7982.0000,69.5261,32.0555,3048.0000,936.0000,0.0000,4.0000,7.0000,3.0000,2.0000
66.7490,0.5340,0.2020,0.1950,0.0400,66.8360,68.2030,0.0000,4.0000,82.8550,1.5240,0.4170,300.0000,690.0000,7848.0000,69.5264,32.0555,3048.0000,936.0000,0.0000,4.0000,7.0000,3.0000,2.0000
82.6040,0.6420,0.2110,0.2640,0.0360,62.8880,62.7310,18.8630,4.0000,82.1720,0.8810,0.4040,300.0000,690.0000,7848.0000,69.5159,32.0555,3047.0000,936.0000,0.0000,4.0000,7.0000,3.0000,2.0000
73.0860,0.8300,0.2190,0.3410,0.0410,58.1570,59.3260,13.8800,5.0000,82.1720,0.8810,0.4040,300.0000,690.0000,7848.0000,69.5158,32.0555,3047.0000,936.0000,0.0000,4.0000,7.0000,3.0000,2.0000
72.0010,0.6220,0.2680,0.2550,0.0890,57.9830,58.8780,13.1280,4.0000,82.1720,0.8810,0.4040,305.0000,695.0000,7374.0000,69.5157,32.0555,3047.0000,936.0000,0.0000,4.0000,7.0000,3.0000,2.0000
69.4280,0.6700,0.1860,0.2930,0.0340,58.7850,60.1390,9.7870,4.0000,82.1720,0.8810,0.4040,297.0000,687.0000,7162.0000,69.5039,32.0555,3046.0000,936.0000,0.0000,4.0000,7.0000,3.0000,2.0000
76.2250,0.9130,0.2810,0.4310,0.0930,60.0130,61.3230,15.0180,5.0000,82.1720,0.8810,0.4040,296.0000,686.0000,7150.0000,69.5139,32.0555,3047.0000,936.0000,0.0000,4.0000,6.0000,3.0000,2.0000
70.9470,0.9330,0.2510,0.5030,0.0440,70.9020,72.3790,0.0000,4.0000,82.1720,0.8810,0.4040,295.0000,685.0000,7138.0000,69.5129,32.0555,3046.0000,936.0000,0.0000,4.0000,6.0000,3.0000,2.0000
79.5210,0.9970,0.2590,0.4460,0.0470,65.2080,66.1730,13.0570,5.0000,82.1720,0.8810,0.4040,296.0000,686.0000,7208.0000,69.5023,32.0555,3045.0000,936.0000,0.0000,4.0000,6.0000,3.0000,2.0000
86.0860,0.9870,0.2600,0.4810,0.0480,64.8230,65.8360,20.0160,5.0000,82.1720,0.8810,0.4040,294.0000,684.0000,7242.0000,69.5022,32.0555,3045.0000,936.0000,0.0000,4.0000,6.0000,3.0000,1.0000
88.3010,1.9930,0.3960,0.4930,0.1390,62.0080,63.4440,23.9040,5.0000,82.1720,0.8810,0.4040,295.0000,685.0000,7230.0000,69.5087,32.0555,3045.0000,936.0000,0.0000,4.0000,6.0000,3.0000,1.0000
84.8610,0.8250,0.2710,0.3510,0.0670,69.8440,69.6830,13.9210,5.0000,82.1720,0.8810,0.4040,295.0000,685.0000,7230.0000,69.5089,32.0555,3045.0000,936.0000,0.0000,4.0000,6.0000,3.0000,1.0000
77.3170,0.7820,0.2660,0.3720,0.0500,63.4210,64.5480,12.8480,5.0000,82.1720,0.8810,0.4040,291.0000,681.0000,7166.0000,69.5090,32.0555,3045.0000,936.0000,0.0000,4.0000,6.0000,3.0000,1.0000
78.3180,0.8890,0.2460,0.3780,0.0460,71.2100,72.4170,5.9730,5.0000,82.1720,0.8810,0.4040,280.0000,670.0000,7034.0000,69.4881,32.0555,3043.0000,936.0000,0.0000,4.0000,6.0000,3.0000,1.0000
77.4700,0.6690,0.2300,0.2940,0.0450,75.0560,76.5130,1.5150,4.0000,82.1720,0.8810,0.4040,275.0000,665.0000,6950.0000,69.4875,32.0555,3043.0000,936.0000,0.0000,4.0000,6.0000,3.0000,1.0000
77.8720,0.9240,0.5450,0.3690,0.3540,79.0230,79.9130,0.0000,5.0000,84.9990,1.4100,0.3160,275.0000,665.0000,6950.0000,69.5016,32.0555,3045.0000,936.0000,0.0000,4.0000,6.0000,3.0000,1.0000
76.3620,0.8760,0.2630,0.3690,0.0480,76.5460,77.6110,0.0000,5.0000,84.9990,1.4100,0.3160,273.0000,663.0000,6926.0000,69.5017,32.0555,3045.0000,936.0000,0.0000,4.0000,6.0000,3.0000,1.0000
76.9590,0.8860,0.2480,0.3780,0.0440,69.2000,70.6640,6.6250,5.0000,84.9990,1.4100,0.3160,266.0000,656.0000,5138.0000,69.5016,32.0555,3045.0000,936.0000,0.0000,4.0000,6.0000,3.0000,1.0000
74.5330,0.8820,0.2570,0.3610,0.0460,68.2650,71.7800,5.1290,5.0000,84.9990,1.4100,0.3160,260.0000,650.0000,5066.0000,69.4909,32.0555,3044.0000,936.0000,0.0000,4.0000,6.0000,3.0000,1.0000
81.1170,0.9620,0.2840,0.4130,0.0810,68.6600,70.8760,11.2110,5.0000,84.9990,1.4100,0.3160,262.0000,652.0000,5060.0000,69.4907,32.0555,3044.0000,936.0000,0.0000,4.0000,6.0000,3.0000,1.0000
95.4990,0.9330,0.9240,0.4410,0.6680,68.8020,70.1760,24.8400,5.0000,84.9990,1.4100,0.3160,255.0000,645.0000,4834.0000,69.5012,32.0555,3045.0000,936.0000,0.0000,4.0000,6.0000,3.0000,0.0000
83.7410,0.6290,0.2520,0.2820,0.0500,68.3880,69.2900,14.4720,4.0000,84.9990,1.4100,0.3160,252.0000,642.0000,4798.0000,69.5015,32.0555,3045.0000,936.0000,0.0000,4.0000,6.0000,3.0000,0.0000
74.9650,0.8380,0.2280,0.3850,0.0420,70.5230,70.1960,3.3760,5.0000,84.9990,1.4100,0.3160,249.0000,639.0000,4704.0000,69.5015,32.0555,3045.0000,936.0000,0.0000,4.0000,6.0000,3.0000,0.0000
75.3010,0.7390,0.2990,0.3070,0.0540,66.6330,68.0300,7.6300,5.0000,84.9990,1.4100,0.3160,246.0000,636.0000,4610.0000,69.5016,32.0555,3045.0000,936.0000,0.0000,4.0000,6.0000,3.0000,0.0000
78.5970,0.8140,0.2650,0.3660,0.0530,72.5190,73.6760,4.9990,5.0000,84.9990,1.4100,0.3160,242.0000,632.0000,4562.0000,69.4909,32.0555,3044.0000,936.0000,0.0000,4.0000,6.0000,3.0000,0.0000
87.5390,1.2310,0.3000,0.5420,0.0550,84.1120,85.2010,1.8960,5.0000,84.9990,1.4100,0.3160,240.0000,630.0000,4538.0000,69.4907,32.0555,3044.0000,936.0000,0.0000,4.0000,6.0000,3.0000,0.0000
69.2050,0.8290,0.7210,0.3250,0.4440,70.7360,71.5290,0.0000,5.0000,84.9990,1.4100,0.3160,237.0000,627.0000,4502.0000,69.5093,32.0555,3046.0000,936.0000,0.0000,4.0000,6.0000,3.0000,0.0000
157.9760,1.1080,0.1960,0.4240,0.0410,67.3400,68.3890,89.3320,8.0000,84.9990,1.4100,0.3160,228.0000,618.0000,4422.0000,69.5100,32.0555,3046.0000,936.0000,0.0000,4.0000,6.0000,3.0000,0.0000
83.0340,0.9310,0.2790,0.3930,0.0510,67.1650,68.7350,14.6590,6.0000,154.9210,0.8400,0.2630,209.0000,599.0000,4214.0000,69.5101,32.0555,3046.0000,936.0000,0.0000,4.0000,6.0000,3.0000,0.0000
85.1850,0.9410,0.4270,0.3880,0.0580,70.8710,71.7920,12.9460,5.0000,154.9210,0.8400,0.2630,202.0000,592.0000,4130.0000,69.5100,32.0555,3046.0000,936.0000,0.0000,4.0000,6.0000,3.0000,0.0000
82.3470,0.8780,0.3380,0.3780,0.0670,78.0480,79.0550,3.0830,5.0000,154.9210,0.8400,0.2630,203.0000,593.0000,4034.0000,69.5099,32.0555,3046.0000,936.0000,0.0000,4.0000,6.0000,3.0000,0.0000
80.6790,1.0030,0.3050,0.3920,0.0670,61.3760,62.6500,17.9950,5.0000,154.9210,0.8400,0.2630,205.0000,595.0000,4058.0000,69.5099,32.0555,3046.0000,936.0000,0.0000,4.0000,6.0000,3.0000,0.0000
80.9560,1.0140,0.3520,0.4480,0.0670,57.2630,57.1000,22.3270,5.0000,154.9210,0.8400,0.2630,208.0000,598.0000,4094.0000,69.4979,32.0555,3045.0000,936.0000,0.0000,4.0000,6.0000,3.0000,0.0000
76.9160,0.7300,0.3130,0.3210,0.0550,73.4560,74.5100,2.4170,4.0000,154.9210,0.8400,0.2630,206.0000,596.0000,4070.0000,69.4977,32.0555,3045.0000,936.0000,0.0000,4.0000,6.0000,3.0000,0.0000
84.4370,1.0200,0.3080,0.5050,0.0540,77.6620,77.5010,5.4470,5.0000,154.9210,0.8400,0.2630,206.0000,596.0000,4070.0000,69.4980,32.0555,3045.0000,936.0000,0.0000,4.0000,6.0000,3.0000,1.0000
72.3100,0.8470,0.3350,0.3680,0.0670,73.1660,74.7230,0.0000,5.0000,154.9210,0.8400,0.2630,205.0000,595.0000,4058.0000,69.4980,32.0555,3045.0000,936.0000,0.0000,4.0000,6.0000,3.0000,1.0000
62.7960,0.6370,0.2970,0.2490,0.1000,71.7370,72.9890,0.0000,4.0000,154.9210,0.8400,0.2630,204.0000,594.0000,4046.0000,69.5085,32.0555,3046.0000,936.0000,0.0000,4.0000,6.0000,3.0000,1.0000
65.6900,0.5050,0.2470,0.1730,0.0490,72.5960,73.6760,0.0000,3.0000,154.9210,0.8400,0.2630,204.0000,594.0000,4046.0000,69.5087,32.0555,3046.0000,936.0000,0.0000,4.0000,6.0000,3.0000,1.0000
78.5020,0.6660,0.2590,0.2770,0.0500,68.6040,70.0490,8.9730,4.0000,154.9210,0.8400,0.2630,204.0000,594.0000,4046.0000,69.5088,32.0555,3046.0000,936.0000,0.0000,4.0000,6.0000,3.0000,1.0000
75.1940,0.8250,0.2640,0.2940,0.0620,73.5570,74.8420,0.5480,5.0000,82.9210,0.8070,0.2460,201.0000,591.0000,4010.0000,69.5089,32.0555,3046.0000,936.0000,0.0000,4.0000,6.0000,3.0000,1.0000
73.6920,0.7340,0.3260,0.2950,0.0600,63.7450,65.2630,8.8870,4.0000,82.9210,0.8070,0.2460,196.0000,586.0000,3950.0000,69.4983,32.0555,3045.0000,936.0000,0.0000,4.0000,6.0000,3.0000,1.0000
78.9830,0.7490,0.2700,0.2810,0.0510,56.3070,57.1950,21.6570,5.0000,82.9210,0.8070,0.2460,196.0000,586.0000,3950.0000,69.4980,32.0555,3045.0000,936.0000,0.0000,4.0000,6.0000,3.0000,1.0000
75.7960,0.7430,0.3150,0.2460,0.1140,59.8000,60.2730,14.9380,4.0000,82.9210,0.8070,0.2460,201.0000,591.0000,4010.0000,69.5120,32.0555,3046.0000,936.0000,0.0000,4.0000,6.0000,3.0000,1.0000
75.2720,0.8460,0.2830,0.3580,0.0510,67.1320,69.6660,7.0110,5.0000,82.9210,0.8070,0.2460,196.0000,586.0000,3950.0000,69.5126,32.0555,3046.0000,936.0000,0.0000,4.0000,6.0000,3.0000,1.0000
79.1410,0.6630,0.2500,0.2350,0.0440,66.8850,68.0770,11.3430,5.0000,82.9210,0.8070,0.2460,204.0000,594.0000,4046.0000,69.5128,32.0555,3046.0000,936.0000,0.0000,4.0000,6.0000,3.0000,1.0000
76.8710,0.6140,0.2690,0.2420,0.0450,65.1410,66.7090,10.8470,4.0000,82.9210,0.8070,0.2460,291.0000,681.0000,6450.0000,69.5129,32.0555,3046.0000,936.0000,0.0000,4.0000,6.0000,3.0000,2.0000
69.8660,0.7120,0.2590,0.3260,0.0540,68.7890,68.7630,0.1060,5.0000,82.9210,0.8070,0.2460,279.0000,669.0000,6198.0000,69.4919,32.0555,3044.0000,936.0000,0.0000,4.0000,6.0000,3.0000,2.0000
67.5430,0.6390,0.7220,0.2230,0.4640,67.9300,69.5650,0.0000,4.0000,82.9210,0.8070,0.2460,267.0000,657.0000,5770.0000,69.5058,32.0555,3046.0000,936.0000,0.0000,4.0000,6.0000,3.0000,2.0000
83.6620,0.7860,0.2720,0.3260,0.0470,68.3230,69.3540,14.2810,5.0000,82.9210,0.8070,0.2460,257.0000,647.0000,5450.0000,69.5060,32.0555,3046.0000,936.0000,0.0000,4.0000,6.0000,3.0000,2.0000
84.2140,0.8220,0.2630,0.3220,0.0490,71.6090,73.1310,11.5200,5.0000,82.9210,0.8070,0.2460,250.0000,640.0000,5282.0000,69.5061,32.0555,3046.0000,936.0000,0.0000,4.0000,6.0000,3.0000,2.0000
87.8750,0.8230,0.3470,0.3050,0.0610,70.1600,71.2570,16.5450,5.0000,82.9210,0.8070,0.2460,237.0000,627.0000,5126.0000,69.5068,32.0555,3046.0000,936.0000,0.0000,4.0000,7.0000,3.0000,2.0000
92.9340,0.8680,0.4090,0.3120,0.1680,63.0720,64.2390,28.5850,5.0000,82.9210,0.8070,0.2460,226.0000,616.0000,4782.0000,69.5085,32.0555,3047.0000,936.0000,0.0000,4.0000,7.0000,3.0000,2.0000
80.6960,0.8620,0.7000,0.3270,0.3840,60.4810,61.4890,18.6530,5.0000,91.1490,0.7180,0.2160,223.0000,613.0000,4746.0000,69.5190,32.0555,3048.0000,936.0000,0.0000,4.0000,7.0000,3.0000,2.0000
83.0800,0.6650,0.2690,0.2540,0.0510,71.9490,73.2880,10.1970,5.0000,91.1490,0.7180,0.2160,220.0000,610.0000,4626.0000,69.5194,32.0555,3048.0000,936.0000,0.0000,4.0000,7.0000,3.0000,2.0000
57.6940,0.6530,0.2430,0.2300,0.0480,72.5310,73.0040,0.0000,4.0000,91.1490,0.7180,0.2160,221.0000,611.0000,4638.0000,69.5087,32.0555,3047.0000,936.0000,0.0000,4.0000,7.0000,3.0000,2.0000
54.3160,0.7530,0.2650,0.2850,0.0510,74.7100,75.2360,0.0000,4.0000,91.1490,0.7180,0.2160,214.0000,604.0000,4554.0000,69.5084,32.0555,3047.0000,936.0000,0.0000,4.0000,7.0000,3.0000,2.0000
56.2310,0.5980,0.3480,0.2060,0.1360,83.3620,84.5140,0.0000,3.0000,91.1490,0.7180,0.2160,209.0000,599.0000,4494.0000,69.5147,32.0555,3047.0000,936.0000,0.0000,4.0000,7.0000,3.0000,2.0000
55.7860,0.5280,0.2050,0.1930,0.0380,72.3700,73.4060,0.0000,4.0000,91.1490,0.7180,0.2160,207.0000,597.0000,4470.0000,69.5149,32.0555,3047.0000,936.0000,0.0000,4.0000,7.0000,3.0000,2.0000
56.7960,0.5170,0.4580,0.1780,0.3150,75.6240,76.5020,0.0000,3.0000,91.1490,0.7180,0.2160,202.0000,592.0000,4326.0000,69.5242,32.0555,3047.0000,936.0000,0.0000,4.0000,7.0000,3.0000,2.0000
69.3580,0.6900,0.2200,0.2370,0.0440,49.2890,50.5400,19.1590,4.0000,91.1490,0.7180,0.2160,200.0000,590.0000,4302.0000,69.5244,32.0555,3047.0000,936.0000,0.0000,4.0000,7.0000,3.0000,2.0000
59.2970,0.5970,0.2260,0.2180,0.0440,45.8310,47.3050,12.6430,4.0000,91.1490,0.7180,0.2160,195.0000,585.0000,4184.0000,69.5038,32.0555,3045.0000,936.0000,0.0000,4.0000,7.0000,3.0000,2.0000
61.6110,0.4790,0.2410,0.1780,0.0420,47.9620,49.4390,12.9290,3.0000,91.1490,0.7180,0.2160,195.0000,585.0000,4126.0000,69.5037,32.0555,3046.0000,936.0000,0.0000,4.0000,7.0000,3.0000,2.0000
64.0480,0.6430,0.2570,0.2360,0.0460,49.6450,50.5740,13.5030,4.0000,91.1490,0.7180,0.2160,192.0000,582.0000,4090.0000,69.4931,32.0555,3045.0000,936.0000,0.0000,4.0000,7.0000,3.0000,2.0000
65.5300,0.6650,0.5630,0.2620,0.3770,48.1840,49.4760,16.1180,4.0000,91.1490,0.7180,0.2160,193.0000,583.0000,4102.0000,69.5072,32.0555,3047.0000,936.0000,0.0000,4.0000,7.0000,3.0000,2.0000
74.8360,0.6220,0.2110,0.2510,0.0430,59.9190,60.4130,14.0840,4.0000,91.1490,0.7180,0.2160,194.0000,584.0000,4006.0000,69.5074,32.0555,3047.0000,936.0000,0.0000,4.0000,7.0000,3.0000,2.0000
69.8190,0.6910,0.5510,0.2550,0.3550,52.5380,53.7060,16.0390,4.0000,91.1490,0.7180,0.2160,192.0000,582.0000,3982.0000,69.5282,32.0555,3049.0000,936.0000,0.0000,4.0000,7.0000,3.0000,2.0000
71.2090,0.6230,0.2720,0.2420,0.0410,55.9820,55.8290,14.3320,4.0000,91.1490,0.7180,0.2160,191.0000,581.0000,3934.0000,69.5286,32.0555,3049.0000,936.0000,0.0000,4.0000,7.0000,3.0000,2.0000
65.0970,0.6330,0.5170,0.2270,0.0420,56.6930,57.8090,7.2540,4.0000,81.6940,0.6200,0.1460,190.0000,580.0000,3922.0000,69.5360,32.0555,3050.0000,936.0000,0.0000,4.0000,7.0000,3.0000,2.0000
76.7190,0.8790,0.2110,0.3230,0.0400,57.6540,59.4100,17.9750,5.0000,81.6940,0.6200,0.1460,188.0000,578.0000,3898.0000,69.5359,32.0555,3050.0000,936.0000,0.0000,4.0000,7.0000,3.0000,2.0000
74.7510,0.7280,0.3580,0.2570,0.1510,67.9260,68.8320,5.7390,4.0000,81.6940,0.6200,0.1460,185.0000,575.0000,3862.0000,69.5218,32.0555,3048.0000,936.0000,0.0000,4.0000,7.0000,3.0000,2.0000
83.5700,0.8400,0.2260,0.3220,0.0400,63.6470,63.4320,18.8570,5.0000,81.6940,0.6200,0.1460,182.0000,572.0000,3718.0000,69.5216,32.0555,3048.0000,936.0000,0.0000,4.0000,7.0000,3.0000,2.0000
76.5370,0.8200,0.5440,0.2850,0.3410,66.3310,66.0240,8.8420,5.0000,81.6940,0.6200,0.1460,175.0000,565.0000,3634.0000,69.5360,32.0555,3050.0000,936.0000,0.0000,4.0000,7.0000,3.0000,2.0000
75.3620,0.6120,0.2850,0.2390,0.0480,57.4450,59.0560,17.0200,4.0000,81.6940,0.6200,0.1460,164.0000,554.0000,3502.0000,69.5256,32.0555,3049.0000,936.0000,0.0000,4.0000,7.0000,3.0000,2.0000
81.3900,0.9270,0.2750,0.3410,0.0480,66.8630,67.9970,13.3250,5.0000,81.6940,0.6200,0.1460,163.0000,553.0000,3490.0000,69.5136,32.0555,3048.0000,936.0000,0.0000,4.0000,7.0000,3.0000,2.0000
77.1320,0.8840,0.5820,0.3330,0.3630,66.5880,68.2210,9.0780,5.0000,81.6940,0.6200,0.1460,153.0000,543.0000,3370.0000,69.5243,32.0555,3049.0000,936.0000,0.0000,4.0000,7.0000,3.0000,2.0000
72.5770,0.7100,0.2750,0.2580,0.0500,72.6060,72.3780,0.0000,4.0000,81.6940,0.6200,0.1460,151.0000,541.0000,3346.0000,69.5139,32.0555,3048.0000,936.0000,0.0000,4.0000,7.0000,3.0000,2.0000
71.3630,0.9040,0.3240,0.3760,0.1030,68.1030,69.6090,2.0320,5.0000,81.6940,0.6200,0.1460,149.0000,539.0000,3238.0000,69.5242,32.0555,3049.0000,936.0000,0.0000,4.0000,7.0000,3.0000,1.0000
70.2650,1.2340,0.2980,0.3720,0.0610,69.1870,69.0190,0.0000,4.0000,81.6940,0.6200,0.1460,149.0000,539.0000,3238.0000,69.5268,32.0555,3049.0000,936.0000,0.0000,4.0000,7.0000,3.0000,2.0000
66.6610,0.6000,0.4650,0.2440,0.0550,69.0030,70.5380,0.0000,5.0000,81.6940,0.6200,0.1460,137.0000,487.0000,2964.0000,69.5227,32.0552,3049.0000,936.0000,0.0000,4.0000,7.0000,3.0000,2.0000
68.6280,0.6820,0.3020,0.2640,0.0940,68.3710,69.4550,0.0000,4.0000,81.6940,0.6200,0.1460,137.0000,487.0000,2964.0000,69.5295,32.0552,3049.0000,936.0000,0.0000,4.0000,7.0000,3.0000,2.0000
73.1080,0.6870,0.3130,0.2810,0.0560,64.6300,66.0780,7.4780,4.0000,81.6940,0.6200,0.1460,138.0000,488.0000,2976.0000,69.5191,32.0552,3048.0000,936.0000,0.0000,4.0000,7.0000,3.0000,2.0000
66.9310,0.6200,0.3020,0.2320,0.0540,64.7090,64.4790,1.3000,4.0000,79.9380,2.1860,1.6840,137.0000,487.0000,2964.0000,69.5189,32.0552,3048.0000,936.0000,0.0000,4.0000,7.0000,3.0000,2.0000
66.1070,0.6310,0.5440,0.2180,0.3410,61.9620,63.2830,2.9700,4.0000,79.9380,2.1860,1.6840,136.0000,486.0000,2952.0000,69.5332,32.0552,3050.0000,936.0000,0.0000,4.0000,7.0000,3.0000,2.0000
66.4000,0.5770,0.2590,0.2170,0.0450,55.3600,55.6810,10.2040,4.0000,79.9380,2.1860,1.6840,131.0000,481.0000,2892.0000,69.5228,32.0552,3049.0000,936.0000,0.0000,4.0000,7.0000,3.0000,2.0000
69.3210,0.6960,0.2860,0.2490,0.0790,62.1460,63.0390,6.1930,4.0000,79.9380,2.1860,1.6840,127.0000,477.0000,2844.0000,69.5227,32.0552,3049.0000,936.0000,0.0000,4.0000,7.0000,3.0000,2.0000
64.5780,0.6470,0.3490,0.2280,0.0980,67.0270,66.8550,0.0000,4.0000,79.9380,2.1860,1.6840,127.0000,477.0000,2844.0000,69.5294,32.0552,3049.0000,936.0000,0.0000,4.0000,7.0000,3.0000,2.0000
72.3020,0.7010,0.5170,0.2930,0.0540,60.4210,61.4740,10.6630,5.0000,79.9380,2.1860,1.6840,123.0000,473.0000,2796.0000,69.5191,32.0552,3048.0000,936.0000,0.0000,4.0000,7.0000,3.0000,2.0000
72.5500,0.6120,0.2520,0.2340,0.0410,60.6660,60.4870,11.0200,4.0000,79.9380,2.1860,1.6840,113.0000,463.0000,2704.0000,69.5189,32.0552,3048.0000,936.0000,0.0000,4.0000,7.0000,3.0000,2.0000
69.5750,0.7440,0.5730,0.2610,0.3670,59.9740,61.0610,8.2840,4.0000,79.9380,2.1860,1.6840,103.0000,453.0000,2612.0000,69.5211,32.0552,3049.0000,936.0000,0.0000,4.0000,7.0000,3.0000,2.0000
70.1120,0.5290,0.3080,0.1980,0.0440,63.6700,63.4640,5.6050,4.0000,79.9380,2.1860,1.6840,99.0000,449.0000,2564.0000,69.5213,32.0552,3049.0000,936.0000,0.0000,4.0000,7.0000,3.0000,2.0000
64.9220,1.2970,0.2530,0.2520,0.0400,57.7990,58.9720,5.5730,4.0000,79.9380,2.1860,1.6840,96.0000,446.0000,2528.0000,69.5214,32.0552,3049.0000,936.0000,0.0000,4.0000,7.0000,3.0000,2.0000
63.1350,0.6480,0.3310,0.2200,0.1000,65.0590,66.1480,0.0000,4.0000,79.9380,2.1860,1.6840,93.0000,443.0000,2492.0000,69.5421,32.0552,3051.0000,936.0000,0.0000,4.0000,7.0000,3.0000,2.0000
63.0530,0.5480,0.2140,0.2260,0.0380,67.0310,66.8630,0.0000,4.0000,79.9380,2.1860,1.6840,93.0000,443.0000,2384.0000,69.5217,32.0552,3049.0000,936.0000,0.0000,4.0000,7.0000,3.0000,2.0000
62.0520,1.1970,0.2010,0.2470,0.0330,61.9910,63.2140,0.0000,4.0000,79.9380,2.1860,1.6840,91.0000,441.0000,2468.0000,69.5214,32.0552,3049.0000,936.0000,0.0000,4.0000,7.0000,3.0000,2.0000
63.4490,0.4470,0.2160,0.1520,0.0710,62.7660,64.0640,0.0200,3.0000,79.9380,2.1860,1.6840,87.0000,437.0000,2312.0000,69.5318,32.0552,3050.0000,936.0000,0.0000,4.0000,7.0000,3.0000,2.0000
62.6680,0.5980,0.1870,0.2130,0.0310,57.5920,58.5890,4.2910,4.0000,79.9380,2.1860,1.6840,83.0000,433.0000,2264.0000,69.4994,32.0552,3047.0000,936.0000,0.0000,4.0000,7.0000,3.0000,2.0000
88.2620,0.6680,0.2160,0.2800,0.0380,56.6770,57.7370,30.7010,4.0000,86.4760,1.2220,0.2450,438.0000,788.0000,49128.0000,69.5019,32.0552,3047.0000,936.0000,0.0000,4.0000,7.0000,3.0000,2.0000
75.5920,0.7010,0.4730,0.2740,0.3020,55.9430,57.1400,18.4750,5.0000,86.4760,1.2220,0.2450,437.0000,787.0000,49116.0000,69.5125,32.0552,3048.0000,936.0000,0.0000,4.0000,7.0000,3.0000,2.0000
74.2090,0.6460,0.2060,0.2360,0.0360,55.9470,56.9930,17.4100,4.0000,86.4760,1.2220,0.2450,437.0000,787.0000,49116.0000,69.5021,32.0552,3047.0000,936.0000,0.0000,4.0000,7.0000,3.0000,2.0000
87.5940,0.9070,0.2940,0.3510,0.0400,57.4030,58.5230,28.9900,6.0000,86.4760,1.2220,0.2450,434.0000,784.0000,49000.0000,69.5139,32.0552,3048.0000,936.0000,0.0000,4.0000,7.0000,3.0000,2.0000
78.7610,1.2900,0.3210,0.5330,0.0920,57.2420,57.0930,19.9080,5.0000,86.4760,1.2220,0.2450,428.0000,778.0000,37362.0000,69.5102,32.0552,3047.0000,936.0000,0.0000,4.0000,7.0000,3.0000,2.0000
92.3480,1.0200,0.2910,0.4120,0.0500,81.0290,82.2750,10.0080,5.0000,86.4760,1.2220,0.2450,427.0000,777.0000,37292.0000,69.5094,32.0552,3047.0000,936.0000,0.0000,4.0000,6.0000,3.0000,2.0000
89.9850,0.9070,0.6750,0.3390,0.4060,69.4430,69.2580,18.9600,6.0000,86.4760,1.2220,0.2450,428.0000,778.0000,37304.0000,69.5202,32.0552,3048.0000,936.0000,0.0000,4.0000,6.0000,3.0000,2.0000
86.6230,0.9030,0.3560,0.3660,0.0600,67.1000,68.4430,18.2640,5.0000,86.4760,1.2220,0.2450,427.0000,777.0000,37292.0000,69.5218,32.0552,3048.0000,936.0000,0.0000,4.0000,6.0000,3.0000,2.0000
88.2030,0.7510,0.3160,0.3390,0.0500,80.9620,80.7850,6.1740,5.0000,86.4760,1.2220,0.2450,427.0000,777.0000,37292.0000,69.5099,32.0552,3047.0000,936.0000,0.0000,4.0000,6.0000,3.0000,3.0000
83.7650,0.7130,0.3600,0.2680,0.1030,69.9540,70.9900,12.7380,5.0000,86.4760,1.2220,0.2450,427.0000,777.0000,37292.0000,69.5091,32.0552,3047.0000,936.0000,0.0000,4.0000,5.0000,3.0000,3.0000
86.7850,0.8590,0.2970,0.3370,0.0500,85.0370,84.8720,0.5920,6.0000,86.4760,1.2220,0.2450,430.0000,780.0000,37328.0000,69.5106,32.0552,3048.0000,936.0000,0.0000,4.0000,5.0000,3.0000,3.0000
81.3320,0.9240,0.6160,0.2940,0.3900,81.0720,82.2830,0.0000,5.0000,86.4760,1.2220,0.2450,431.0000,781.0000,26048.0000,69.5421,32.0552,3051.0000,936.0000,0.0000,4.0000,5.0000,3.0000,3.0000
77.1960,0.6480,0.2580,0.2450,0.0440,79.1720,79.4650,0.0000,4.0000,89.8910,0.8550,0.2670,433.0000,783.0000,26132.0000,69.5426,32.0552,3051.0000,936.0000,0.0000,4.0000,5.0000,3.0000,3.0000
70.6660,0.6390,0.3280,0.2490,0.0470,81.0970,82.3510,0.0000,5.0000,89.8910,0.8550,0.2670,433.0000,783.0000,26132.0000,69.5204,32.0552,3049.0000,936.0000,0.0000,4.0000,5.0000,3.0000,3.0000
70.3490,0.7100,0.5480,0.2220,0.3580,76.7170,77.7500,0.0000,4.0000,89.8910,0.8550,0.2670,420.0000,770.0000,25584.0000,69.5133,32.0552,3049.0000,936.0000,0.0000,4.0000,5.0000,3.0000,3.0000
83.4910,0.8710,0.3100,0.3110,0.0490,79.7900,80.8830,2.5200,5.0000,89.8910,0.8550,0.2670,414.0000,764.0000,25312.0000,69.5130,32.0552,3049.0000,936.0000,0.0000,4.0000,5.0000,3.0000,3.0000
89.3670,0.9100,0.5210,0.3400,0.3110,72.9690,74.2700,14.9670,5.0000,89.8910,0.8550,0.2670,421.0000,771.0000,25396.0000,69.5344,32.0552,3051.0000,936.0000,0.0000,4.0000,5.0000,3.0000,3.0000
81.9020,0.6000,0.2940,0.2330,0.0750,69.5580,70.7690,11.4500,4.0000,89.8910,0.8550,0.2670,412.0000,762.0000,25184.0000,69.5332,32.0552,3050.0000,936.0000,0.0000,4.0000,5.0000,3.0000,3.0000
75.2250,0.6800,0.2340,0.2690,0.0350,64.0160,64.9430,10.2950,5.0000,89.8910,0.8550,0.2670,406.0000,756.0000,24828.0000,69.5228,32.0552,3049.0000,936.0000,0.0000,4.0000,5.0000,3.0000,3.0000
73.3620,0.7380,0.3350,0.3120,0.0990,61.8080,62.8520,10.4810,5.0000,89.8910,0.8550,0.2670,401.0000,751.0000,13408.0000,69.5297,32.0552,3049.0000,936.0000,0.0000,4.0000,5.0000,3.0000,3.0000
74.5030,0.7150,0.2970,0.2690,0.0430,71.1930,74.5720,2.2980,4.0000,89.8910,0.8550,0.2670,398.0000,748.0000,13430.0000,69.5100,32.0552,3047.0000,936.0000,0.0000,4.0000,5.0000,3.0000,3.0000
81.7870,1.4150,0.5440,0.4940,0.3660,80.8930,82.2560,0.0000,5.0000,89.8910,0.8550,0.2670,399.0000,749.0000,13500.0000,69.5342,32.0552,3050.0000,936.0000,0.0000,4.0000,5.0000,3.0000,3.0000
85.9010,0.9620,0.3560,0.3770,0.0590,74.4440,76.4970,10.1390,5.0000,89.8910,0.8550,0.2670,393.0000,743.0000,11928.0000,69.5242,32.0552,3049.0000,936.0000,0.0000,4.0000,5.0000,3.0000,3.0000
73.9050,0.6790,0.2730,0.2650,0.0460,69.3040,69.1220,3.6490,4.0000,89.8910,0.8550,0.2670,390.0000,740.0000,11892.0000,69.5239,32.0552,3049.0000,936.0000,0.0000,4.0000,5.0000,3.0000,3.0000
71.2160,0.8480,0.3220,0.3310,0.1000,67.5270,67.2980,2.5190,5.0000,89.8910,0.8550,0.2670,389.0000,739.0000,11964.0000,69.5307,32.0552,3049.0000,936.0000,0.0000,4.0000,5.0000,3.0000,3.0000
65.9080,0.6100,0.2950,0.2380,0.0480,67.3490,68.4940,0.0000,4.0000,87.4880,1.0530,0.3570,381.0000,731.0000,11700.0000,69.5098,32.0552,3047.0000,936.0000,0.0000,4.0000,5.0000,3.0000,3.0000
66.6680,0.7590,0.7340,0.2750,0.4990,70.7360,72.6230,0.0000,4.0000,87.4880,1.0530,0.3570,375.0000,725.0000,11628.0000,69.5223,32.0552,3049.0000,936.0000,0.0000,4.0000,5.0000,3.0000,3.0000
71.2390,0.8030,0.2770,0.2960,0.0450,78.8580,78.6290,0.0000,5.0000,87.4880,1.0530,0.3570,369.0000,719.0000,11556.0000,69.5229,32.0552,3049.0000,936.0000,0.0000,4.0000,5.0000,3.0000,3.0000
70.5330,0.6170,0.2790,0.2300,0.0470,66.5240,67.7810,3.1130,4.0000,87.4880,1.0530,0.3570,369.0000,719.0000,11556.0000,69.5124,32.0552,3048.0000,936.0000,0.0000,4.0000,5.0000,3.0000,3.0000
79.8920,0.7630,0.2900,0.2920,0.0450,65.4510,65.2290,13.3880,5.0000,87.4880,1.0530,0.3570,364.0000,714.0000,11496.0000,69.5129,32.0552,3048.0000,936.0000,0.0000,4.0000,6.0000,3.0000,3.0000
73.9660,0.7380,0.3750,0.2600,0.1100,60.5970,60.4000,12.2560,4.0000,87.4880,1.0530,0.3570,364.0000,714.0000,11496.0000,69.4985,32.0552,3046.0000,936.0000,0.0000,4.0000,6.0000,3.0000,3.0000
81.8350,0.7730,0.4880,0.3080,0.1380,59.3240,60.5170,21.2500,5.0000,87.4880,1.0530,0.3570,356.0000,706.0000,11400.0000,69.4982,32.0552,3046.0000,936.0000,0.0000,4.0000,6.0000,3.0000,3.0000
67.6420,0.9260,0.6350,0.2950,0.4470,63.8480,65.1160,2.2330,4.0000,87.4880,1.0530,0.3570,353.0000,703.0000,11364.0000,69.5295,32.0552,3049.0000,936.0000,0.0000,4.0000,6.0000,3.0000,3.0000
70.1940,0.7790,0.2450,0.2890,0.0400,63.5160,64.7690,5.6540,4.0000,87.4880,1.0530,0.3570,347.0000,697.0000,11292.0000,69.5301,32.0552,3049.0000,936.0000,0.0000,4.0000,6.0000,3.0000,3.0000
74.6740,0.7590,0.2170,0.2860,0.0360,68.4760,69.6960,5.2220,5.0000,87.4880,1.0530,0.3570,346.0000,696.0000,11280.0000,69.5199,32.0552,3048.0000,936.0000,0.0000,4.0000,6.0000,3.0000,3.0000
79.2150,0.5350,0.2360,0.2080,0.0380,66.6400,67.7060,11.8040,4.0000,87.4880,1.0530,0.3570,335.0000,685.0000,11064.0000,69.4882,32.0552,3045.0000,936.0000,0.0000,4.0000,6.0000,3.0000,3.0000
69.8400,0.9640,0.4690,0.3330,0.2940,72.2240,72.1510,0.0000,5.0000,87.4880,1.0530,0.3570,337.0000,687.0000,11088.0000,69.5120,32.0552,3048.0000,936.0000,0.0000,4.0000,6.0000,3.0000,3.0000
63.5810,0.6870,0.2510,0.2580,0.0480,59.5390,60.8960,3.1040,4.0000,87.4880,1.0530,0.3570,328.0000,678.0000,10980.0000,69.5124,32.0552,3048.0000,936.0000,0.0000,4.0000,6.0000,3.0000,3.0000
66.0010,0.6340,0.3420,0.1820,0.1500,64.6050,64.4240,0.4200,3.0000,87.4880,1.0530,0.3570,332.0000,682.0000,11028.0000,69.5397,32.0552,3050.0000,936.0000,0.0000,4.0000,6.0000,3.0000,3.0000
60.5330,0.6530,0.2420,0.2200,0.0490,68.7570,68.5560,0.0000,4.0000,77.7380,0.9350,0.3940,328.0000,678.0000,10980.0000,69.5403,32.0552,3050.0000,936.0000,0.0000,4.0000,6.0000,3.0000,3.0000
59.6770,0.5980,0.2250,0.2080,0.0380,67.2060,69.3170,0.0000,4.0000,77.7380,0.9350,0.3940,328.0000,678.0000,10980.0000,69.5408,32.0552,3050.0000,936.0000,0.0000,4.0000,6.0000,3.0000,3.0000
73.4110,0.5490,0.2700,0.2080,0.0410,59.8180,61.0350,12.7740,4.0000,77.7380,0.9350,0.3940,322.0000,672.0000,10908.0000,69.5097,32.0552,3047.0000,936.0000,0.0000,4.0000,6.0000,3.0000,2.0000
74.5210,0.6840,0.4830,0.2550,0.3020,56.8840,57.8410,16.4700,4.0000,77.7380,0.9350,0.3940,321.0000,671.0000,10812.0000,69.5021,32.0552,3047.0000,936.0000,0.0000,4.0000,6.0000,3.0000,2.0000
65.8480,0.5520,0.2950,0.1900,0.0480,57.7690,58.8940,7.2320,4.0000,77.7380,0.9350,0.3940,323.0000,673.0000,10836.0000,69.5019,32.0552,3047.0000,936.0000,0.0000,4.0000,6.0000,3.0000,2.0000
65.3350,0.5710,0.5610,0.1950,0.3570,53.9820,54.8890,10.2210,4.0000,77.7380,0.9350,0.3940,326.0000,676.0000,10872.0000,69.5125,32.0552,3048.0000,936.0000,0.0000,4.0000,6.0000,3.0000,2.0000
67.2560,0.5090,0.2080,0.1870,0.0350,54.4830,54.3120,12.0560,4.0000,77.7380,0.9350,0.3940,319.0000,669.0000,9384.0000,69.5127,32.0552,3048.0000,936.0000,0.0000,4.0000,6.0000,3.0000,2.0000
72.2270,0.6170,0.2210,0.2260,0.0530,66.7990,67.9010,4.5900,4.0000,77.7380,0.9350,0.3940,319.0000,669.0000,9384.0000,69.5022,32.0552,3047.0000,936.0000,0.0000,4.0000,6.0000,3.0000,2.0000
68.6650,0.5260,0.2630,0.1970,0.0750,67.2680,68.2220,0.6080,4.0000,77.7380,0.9350,0.3940,313.0000,663.0000,9198.0000,69.5020,32.0552,3047.0000,936.0000,0.0000,4.0000,6.0000,3.0000,2.0000
68.7290,1.1260,0.2330,0.3350,0.0760,58.7370,59.9590,8.6330,4.0000,77.7380,0.9350,0.3940,312.0000,662.0000,9128.0000,69.4982,32.0552,3046.0000,936.0000,0.0000,4.0000,6.0000,3.0000,2.0000
74.8850,0.9810,0.4250,0.3740,0.0590,58.7310,59.5900,14.7480,5.0000,77.7380,0.9350,0.3940,309.0000,659.0000,9120.0000,69.4982,32.0552,3046.0000,936.0000,0.0000,4.0000,6.0000,3.0000,2.0000
71.7180,0.6320,0.6910,0.2220,0.4320,61.1250,62.0470,9.2700,4.0000,77.7380,0.9350,0.3940,296.0000,646.0000,8680.0000,69.5088,32.0552,3047.0000,936.0000,0.0000,4.0000,6.0000,3.0000,2.0000
73.3330,0.5870,0.2550,0.2180,0.0770,65.0090,66.3420,7.4820,4.0000,77.7380,0.9350,0.3940,292.0000,642.0000,8516.0000,69.4984,32.0552,3046.0000,936.0000,0.0000,4.0000,6.0000,3.0000,2.0000
79.9860,0.7370,0.2600,0.2680,0.0410,62.4120,63.5090,16.5770,5.0000,77.7380,0.9350,0.3940,295.0000,645.0000,8552.0000,69.4983,32.0552,3046.0000,936.0000,0.0000,4.0000,6.0000,3.0000,2.0000
71.8980,0.6080,0.2700,0.2570,0.0420,60.7230,60.5520,10.2970,4.0000,78.1150,2.5660,2.1090,291.0000,641.0000,8504.0000,69.4983,32.0552,3046.0000,936.0000,0.0000,4.0000,6.0000,3.0000,2.0000
70.1130,0.6260,0.5750,0.2470,0.3740,66.7320,67.8230,2.1800,5.0000,78.1150,2.5660,2.1090,277.0000,627.0000,8168.0000,69.5020,32.0552,3047.0000,936.0000,0.0000,4.0000,6.0000,3.0000,2.0000
63.3570,0.5160,0.2250,0.1900,0.0360,63.8130,65.1470,0.0000,4.0000,78.1150,2.5660,2.1090,267.0000,617.0000,8176.0000,69.5020,32.0552,3047.0000,936.0000,0.0000,4.0000,6.0000,3.0000,2.0000
63.2060,0.6590,0.2760,0.2510,0.0960,65.3800,66.6350,0.0000,4.0000,78.1150,2.5660,2.1090,267.0000,617.0000,8152.0000,69.5180,32.0552,3048.0000,936.0000,0.0000,4.0000,5.0000,3.0000,3.0000
62.8290,0.4930,0.1920,0.1890,0.0370,72.5590,73.6110,0.0000,4.0000,78.1150,2.5660,2.1090,269.0000,619.0000,8176.0000,69.5185,32.0552,3048.0000,936.0000,0.0000,4.0000,5.0000,3.0000,3.0000
62.7200,0.4930,0.2020,0.1900,0.0370,64.8240,65.9280,0.0000,4.0000,78.1150,2.5660,2.1090,267.0000,617.0000,6844.0000,69.5087,32.0552,3047.0000,936.0000,0.0000,4.0000,6.0000,3.0000,3.0000
69.6210,0.5380,0.2570,0.1870,0.0770,62.7550,63.9690,6.0710,4.0000,78.1150,2.5660,2.1090,259.0000,609.0000,6740.0000,69.5183,32.0552,3048.0000,936.0000,0.0000,4.0000,5.0000,3.0000,3.0000
55.6440,0.5070,0.2780,0.1730,0.0950,57.0900,57.9990,0.0000,3.0000,78.1150,2.5660,2.1090,261.0000,611.0000,6772.0000,69.5182,32.0552,3048.0000,936.0000,0.0000,4.0000,5.0000,3.0000,3.0000
54.7560,0.5170,0.2080,0.1990,0.0320,56.7520,57.9450,0.0000,4.0000,78.1150,2.5660,2.1090,259.0000,609.0000,6740.0000,69.5183,32.0552,3048.0000,936.0000,0.0000,4.0000,5.0000,3.0000,3.0000
60.5250,0.4410,0.4510,0.1500,0.3010,56.8210,57.8070,2.8120,3.0000,78.1150,2.5660,2.1090,254.0000,604.0000,6718.0000,69.5326,32.0552,3050.0000,936.0000,0.0000,4.0000,5.0000,3.0000,2.0000
97.2610,0.7220,0.1870,0.2590,0.0370,56.1090,57.2510,40.2430,5.0000,78.1150,2.5660,2.1090,505.0000,855.0000,73224.0000,69.5224,32.0552,3049.0000,936.0000,0.0000,4.0000,5.0000,3.0000,2.0000
88.8730,0.7760,0.2460,0.2900,0.0670,63.1540,64.0400,24.6970,5.0000,78.1150,2.5660,2.1090,511.0000,861.0000,73354.0000,69.5017,32.0552,3047.0000,936.0000,0.0000,4.0000,5.0000,3.0000,2.0000
91.3120,0.9460,0.2960,0.3620,0.0930,50.8540,50.7500,39.2160,6.0000,78.1150,2.5660,2.1090,516.0000,866.0000,73472.0000,69.5012,32.0552,3047.0000,936.0000,0.0000,4.0000,5.0000,3.0000,2.0000
97.2110,0.7920,0.4890,0.3240,0.2180,48.9310,49.9380,46.9990,6.0000,78.1150,2.5660,2.1090,517.0000,867.0000,73484.0000,69.5027,32.0552,3048.0000,936.0000,0.0000,4.0000,5.0000,3.0000,2.0000
77.3680,0.7770,0.3340,0.2670,0.1000,54.3580,55.2990,21.8990,5.0000,95.4590,0.6780,0.1810,521.0000,871.0000,73616.0000,69.5133,32.0552,3049.0000,936.0000,0.0000,4.0000,5.0000,3.0000,2.0000
77.0440,0.6770,0.3150,0.2560,0.0490,87.8460,89.1180,0.0000,5.0000,95.4590,0.6780,0.1810,518.0000,868.0000,63216.0000,69.5028,32.0552,3048.0000,936.0000,0.0000,4.0000,5.0000,3.0000,1.0000
64.2270,0.6470,0.2760,0.2270,0.0520,75.9420,77.8130,0.0000,4.0000,95.4590,0.6780,0.1810,513.0000,863.0000,62872.0000,69.5026,32.0552,3048.0000,936.0000,0.0000,4.0000,5.0000,3.0000,1.0000
55.4690,0.5090,0.3570,0.1600,0.1030,84.3820,84.2510,0.0000,3.0000,95.4590,0.6780,0.1810,517.0000,867.0000,63004.0000,69.5092,32.0552,3048.0000,936.0000,0.0000,4.0000,5.0000,3.0000,1.0000
63.0150,0.6350,0.2430,0.2150,0.0440,88.7900,89.8970,0.0000,4.0000,95.4590,0.6780,0.1810,517.0000,867.0000,63004.0000,69.4988,32.0552,3047.0000,936.0000,0.0000,4.0000,5.0000,3.0000,1.0000
68.8940,0.7890,0.2940,0.2770,0.0530,70.1160,71.1070,0.0000,4.0000,95.4590,0.6780,0.1810,521.0000,871.0000,63052.0000,69.4975,32.0552,3046.0000,936.0000,0.0000,4.0000,5.0000,3.0000,1.0000
61.7160,0.5710,0.2750,0.2220,0.0450,66.7850,67.6950,0.0000,4.0000,95.4590,0.6780,0.1810,520.0000,870.0000,63040.0000,69.4975,32.0552,3046.0000,936.0000,0.0000,4.0000,5.0000,3.0000,1.0000
59.7510,0.4110,0.2590,0.1430,0.0380,54.1830,54.4110,4.8980,3.0000,95.4590,0.6780,0.1810,519.0000,869.0000,63028.0000,69.4869,32.0552,3045.0000,936.0000,0.0000,4.0000,5.0000,3.0000,1.0000
58.1970,0.5130,0.2450,0.1980,0.0420,50.2140,50.0140,7.2250,4.0000,95.4590,0.6780,0.1810,515.0000,865.0000,62980.0000,69.4867,32.0552,3045.0000,936.0000,0.0000,4.0000,5.0000,3.0000,1.0000
59.9650,0.4840,0.2800,0.2120,0.0430,57.2900,57.1840,1.9110,3.0000,95.4590,0.6780,0.1810,516.0000,866.0000,62992.0000,69.4866,32.0552,3045.0000,936.0000,0.0000,4.0000,5.0000,3.0000,2.0000
68.4080,0.6770,0.8620,0.2280,0.5090,61.1130,62.1490,5.7560,4.0000,95.4590,0.6780,0.1810,511.0000,861.0000,62848.0000,69.5111,32.0552,3048.0000,936.0000,0.0000,4.0000,5.0000,3.0000,2.0000
73.1290,0.5310,0.2250,0.1870,0.0390,54.3420,56.2740,18.0310,4.0000,95.4590,0.6780,0.1810,509.0000,859.0000,62824.0000,69.5115,32.0552,3048.0000,936.0000,0.0000,4.0000,5.0000,3.0000,2.0000
74.8030,0.7260,0.2480,0.2630,0.0470,53.4450,54.4490,20.3840,4.0000,95.4590,0.6780,0.1810,506.0000,856.0000,62788.0000,69.5116,32.0552,3048.0000,936.0000,0.0000,4.0000,5.0000,3.0000,2.0000
67.7400,0.6530,0.3000,0.2270,0.0530,51.7580,52.6680,15.0290,4.0000,95.4590,0.6780,0.1810,502.0000,852.0000,62684.0000,69.5116,32.0552,3048.0000,936.0000,0.0000,4.0000,5.0000,3.0000,2.0000
75.6340,1.0060,0.3750,0.3690,0.1070,53.3990,54.4130,20.8540,5.0000,95.4590,0.6780,0.1810,499.0000,849.0000,62860.0000,69.4976,32.0552,3046.0000,936.0000,0.0000,4.0000,5.0000,3.0000,2.0000
70.3290,0.7010,0.3900,0.2710,0.0610,57.0930,58.0080,12.1450,4.0000,75.2640,0.7800,0.1720,496.0000,846.0000,62824.0000,69.4974,32.0552,3046.0000,936.0000,0.0000,4.0000,5.0000,3.0000,2.0000
66.9270,0.7010,0.4030,0.2280,0.1110,66.1340,67.2330,0.0000,4.0000,75.2640,0.7800,0.1720,494.0000,844.0000,62800.0000,69.5042,32.0552,3046.0000,936.0000,0.0000,4.0000,5.0000,3.0000,2.0000
80.2330,0.7870,0.3440,0.3250,0.0650,63.9260,66.0200,15.1760,5.0000,75.2640,0.7800,0.1720,489.0000,839.0000,62824.0000,69.5043,32.0552,3046.0000,936.0000,0.0000,4.0000,5.0000,3.0000,3.0000
80.2440,0.7570,0.3460,0.2840,0.1140,60.5540,61.5580,18.5870,5.0000,75.2640,0.7800,0.1720,484.0000,834.0000,62848.0000,69.4938,32.0552,3045.0000,936.0000,0.0000,4.0000,5.0000,3.0000,3.0000
84.5920,0.7690,0.6290,0.2790,0.3690,67.5150,68.7070,15.6790,5.0000,75.2640,0.7800,0.1720,475.0000,825.0000,62632.0000,69.4980,32.0552,3046.0000,936.0000,0.0000,4.0000,6.0000,3.0000,3.0000
83.4310,0.8600,0.3530,0.3590,0.0560,64.0550,63.8140,18.1630,5.0000,75.2640,0.7800,0.1720,476.0000,826.0000,62644.0000,69.4980,32.0552,3046.0000,936.0000,0.0000,4.0000,6.0000,3.0000,3.0000
76.0960,0.7320,0.6340,0.2780,0.3840,61.3020,61.0720,13.4280,4.0000,75.2640,0.7800,0.1720,472.0000,822.0000,62596.0000,69.5235,32.0552,3049.0000,936.0000,0.0000,4.0000,7.0000,3.0000,3.0000
84.2350,0.7090,0.2860,0.2770,0.0500,68.7350,69.8850,14.5050,5.0000,75.2640,0.7800,0.1720,466.0000,816.0000,62524.0000,69.5134,32.0552,3048.0000,936.0000,0.0000,4.0000,7.0000,3.0000,3.0000
84.2240,0.8230,0.3250,0.3210,0.0480,66.7040,66.5500,16.3720,6.0000,75.2640,0.7800,0.1720,457.0000,807.0000,62358.0000,69.5137,32.0552,3048.0000,936.0000,0.0000,4.0000,7.0000,3.0000,3.0000
92.7400,0.7360,0.6560,0.2590,0.3500,72.9940,74.0900,18.3540,5.0000,75.2640,0.7800,0.1720,447.0000,797.0000,62012.0000,69.5033,32.0552,3047.0000,936.0000,0.0000,4.0000,7.0000,3.0000,3.0000
83.0220,0.8160,0.2750,0.3470,0.0460,71.3810,72.2790,10.5500,5.0000,75.2640,0.7800,0.1720,440.0000,790.0000,61844.0000,69.5030,32.0552,3047.0000,936.0000,0.0000,4.0000,7.0000,3.0000,3.0000
83.6890,0.7240,0.3910,0.2520,0.1470,69.7370,69.5070,12.8370,5.0000,75.2640,0.7800,0.1720,436.0000,786.0000,61796.0000,69.5338,32.0552,3050.0000,936.0000,0.0000,4.0000,6.0000,3.0000,3.0000
93.3340,0.9560,0.2380,0.3770,0.0410,75.2850,75.0980,16.8550,6.0000,90.8480,0.6630,0.1810,429.0000,779.0000,61532.0000,69.5349,32.0552,3050.0000,936.0000,0.0000,4.0000,6.0000,3.0000,3.0000
85.8130,0.7080,0.2850,0.2580,0.0480,73.3830,74.5200,11.4370,5.0000,90.8480,0.6630,0.1810,425.0000,775.0000,60944.0000,69.5244,32.0552,3049.0000,936.0000,0.0000,4.0000,6.0000,3.0000,2.0000
83.4620,0.6870,0.5860,0.2180,0.3780,79.3500,80.5310,2.8390,5.0000,90.8480,0.6630,0.1810,422.0000,772.0000,60908.0000,69.5131,32.0552,3048.0000,936.0000,0.0000,4.0000,6.0000,3.0000,2.0000
82.7340,0.8330,0.2750,0.3080,0.0480,71.4900,73.0140,10.1360,5.0000,90.8480,0.6630,0.1810,417.0000,767.0000,60876.0000,69.5122,32.0552,3048.0000,936.0000,0.0000,4.0000,5.0000,3.0000,2.0000
87.4270,0.8500,0.4120,0.3000,0.1370,69.6330,70.7340,16.5320,5.0000,90.8480,0.6630,0.1810,415.0000,765.0000,60744.0000,69.5191,32.0552,3048.0000,936.0000,0.0000,4.0000,5.0000,3.0000,2.0000
86.3940,0.7400,0.3260,0.3230,0.0530,83.2530,83.1070,2.0750,6.0000,90.8480,0.6630,0.1810,412.0000,762.0000,60692.0000,69.4986,32.0552,3046.0000,936.0000,0.0000,4.0000,5.0000,3.0000,1.0000
83.5920,0.5820,0.3150,0.2090,0.0580,78.1800,78.6120,4.5150,5.0000,90.8480,0.6630,0.1810,411.0000,761.0000,60718.0000,69.4981,32.0552,3046.0000,936.0000,0.0000,4.0000,5.0000,3.0000,1.0000
106.2080,0.8520,0.5550,0.3010,0.3370,76.9130,77.8810,27.8880,6.0000,90.8480,0.6630,0.1810,409.0000,759.0000,60752.0000,69.5018,32.0552,3047.0000,936.0000,0.0000,4.0000,5.0000,3.0000,1.0000
101.2590,1.0450,0.3040,0.3920,0.0530,76.1950,76.0080,23.7150,6.0000,90.8480,0.6630,0.1810,402.0000,752.0000,59168.0000,69.5019,32.0552,3047.0000,936.0000,0.0000,4.0000,5.0000,3.0000,1.0000
107.2310,1.2300,0.3120,0.3840,0.0480,75.6600,76.8200,30.0290,6.0000,90.8480,0.6630,0.1810,381.0000,731.0000,57180.0000,69.5020,32.0552,3047.0000,936.0000,0.0000,4.0000,5.0000,3.0000,1.0000
119.7120,1.2530,0.3500,0.4480,0.0530,78.6800,79.1160,39.4290,7.0000,90.8480,0.6630,0.1810,371.0000,721.0000,56692.0000,69.4913,32.0552,3046.0000,936.0000,0.0000,4.0000,5.0000,3.0000,1.0000
112.5320,0.9690,0.3780,0.3760,0.1200,78.3890,78.2020,32.7960,7.0000,113.0810,2.7390,0.7350,359.0000,709.0000,56336.0000,69.5017,32.0552,3047.0000,936.0000,0.0000,4.0000,5.0000,3.0000,1.0000
93.8020,0.9350,0.3130,0.3220,0.0520,95.4820,95.3020,0.0000,6.0000,113.0810,2.7390,0.7350,354.0000,704.0000,56276.0000,69.5020,32.0552,3047.0000,936.0000,0.0000,4.0000,5.0000,3.0000,1.0000
101.6610,1.0070,0.3730,0.3620,0.0570,88.8020,88.9320,11.4790,7.0000,113.0810,2.7390,0.7350,351.0000,701.0000,56240.0000,69.5021,32.0552,3047.0000,936.0000,0.0000,4.0000,5.0000,3.0000,1.0000
90.0740,0.7890,0.3630,0.3010,0.0590,97.5770,97.3860,0.0000,5.0000,113.0810,2.7390,0.7350,339.0000,689.0000,55928.0000,69.4913,32.0552,3046.0000,936.0000,0.0000,4.0000,5.0000,3.0000,1.0000
95.3410,0.8800,0.3930,0.3500,0.1100,99.7420,99.8300,0.0000,5.0000,113.0810,2.7390,0.7350,332.0000,682.0000,55844.0000,69.5016,32.0552,3047.0000,936.0000,0.0000,4.0000,5.0000,3.0000,2.0000
90.4620,0.8230,0.3150,0.3450,0.0500,100.1520,101.1060,0.0000,6.0000,113.0810,2.7390,0.7350,317.0000,667.0000,55664.0000,69.5026,32.0552,3047.0000,936.0000,0.0000,4.0000,6.0000,3.0000,2.0000
94.7930,0.7380,0.2640,0.3220,0.0480,87.1230,86.9370,6.6680,5.0000,113.0810,2.7390,0.7350,295.0000,645.0000,55400.0000,69.5027,32.0552,3047.0000,936.0000,0.0000,4.0000,6.0000,3.0000,2.0000
99.6660,0.8510,0.2770,0.3330,0.0500,88.9510,89.6940,9.5870,6.0000,113.0810,2.7390,0.7350,243.0000,593.0000,54560.0000,69.4920,32.0552,3046.0000,936.0000,0.0000,4.0000,6.0000,3.0000,2.0000
96.9960,0.8430,0.3990,0.3420,0.1020,82.0730,83.0970,13.6810,6.0000,113.0810,2.7390,0.7350,238.0000,588.0000,54500.0000,69.4987,32.0552,3046.0000,936.0000,0.0000,4.0000,6.0000,3.0000,2.0000
100.2870,1.4250,0.6380,0.4830,0.3810,84.9480,87.0290,13.2760,6.0000,113.0810,2.7390,0.7350,232.0000,582.0000,54428.0000,69.5322,32.0552,3050.0000,936.0000,0.0000,4.0000,6.0000,3.0000,2.0000
94.4090,0.9810,0.6980,0.3420,0.2890,82.7980,83.8300,9.9320,6.0000,99.1310,0.7090,0.2090,239.0000,629.0000,54526.0000,69.5684,32.0555,3055.0000,936.0000,0.0000,4.0000,6.0000,3.0000,2.0000
92.2780,0.8200,0.2670,0.3710,0.0640,82.8030,83.9040,8.3880,5.0000,99.1310,0.7090,0.2090,232.0000,622.0000,54442.0000,69.5579,32.0555,3054.0000,936.0000,0.0000,4.0000,6.0000,3.0000,3.0000
97.5690,0.9260,0.3260,0.3460,0.1340,92.8220,93.1370,3.4950,6.0000,99.1310,0.7090,0.2090,232.0000,622.0000,54442.0000,69.5472,32.0555,3053.0000,936.0000,0.0000,4.0000,6.0000,3.0000,3.0000
89.9680,0.8900,0.2970,0.3020,0.0910,90.7440,90.5370,0.0000,6.0000,99.1310,0.7090,0.2090,233.0000,623.0000,54346.0000,69.5540,32.0555,3053.0000,936.0000,0.0000,4.0000,6.0000,3.0000,3.0000
89.3150,0.8960,0.5780,0.3490,0.3740,82.2760,86.1210,5.5650,6.0000,99.1310,0.7090,0.2090,233.0000,623.0000,54346.0000,69.5765,32.0555,3053.0000,936.0000,0.0000,4.0000,6.0000,3.0000,3.0000
90.5310,0.8870,0.3030,0.3490,0.0970,85.5690,86.5610,3.7720,5.0000,99.1310,0.7090,0.2090,221.0000,611.0000,54202.0000,69.5567,32.0555,3051.0000,936.0000,0.0000,4.0000,6.0000,3.0000,3.0000
96.1730,0.8990,0.2700,0.3780,0.0460,84.3790,85.9570,10.6250,6.0000,99.1310,0.7090,0.2090,221.0000,611.0000,54202.0000,69.5475,32.0555,3050.0000,936.0000,0.0000,4.0000,8.0000,3.0000,3.0000
97.0720,0.9020,0.5570,0.3400,0.3440,89.7480,90.7750,5.8650,6.0000,99.1310,0.7090,0.2090,213.0000,603.0000,52404.0000,69.5380,32.0555,3049.0000,936.0000,0.0000,4.0000,9.0000,3.0000,3.0000
87.9040,0.8540,0.5240,0.2880,0.3290,81.9720,83.9160,4.5540,5.0000,99.1310,0.7090,0.2090,209.0000,599.0000,52298.0000,69.5308,32.0555,3049.0000,936.0000,0.0000,4.0000,9.0000,3.0000,3.0000
105.7910,1.0890,0.4690,0.3740,0.2810,82.9300,82.7450,21.3030,6.0000,99.1310,0.7090,0.2090,207.0000,597.0000,52274.0000,69.5412,32.0555,3050.0000,936.0000,0.0000,4.0000,9.0000,3.0000,3.0000
